<?xml version="1.0" encoding="UTF-8"?>
<spirit:component xmlns:xilinx="http://www.xilinx.com" xmlns:spirit="http://www.spiritconsortium.org/XMLSchema/SPIRIT/1685-2009" xmlns:xsi="http://www.w3.org/2001/XMLSchema-instance">
  <spirit:vendor>xilinx.com</spirit:vendor>
  <spirit:library>customized_ip</spirit:library>
  <spirit:name>KC705_EXAMPLE_axi_ethernet_0_0</spirit:name>
  <spirit:version>1.0</spirit:version>
  <spirit:model/>
  <spirit:choices>
    <spirit:choice>
      <spirit:name>choices_0</spirit:name>
      <spirit:enumeration spirit:text="Custom">Custom</spirit:enumeration>
      <spirit:enumeration spirit:text="mii">mii</spirit:enumeration>
      <spirit:enumeration spirit:text="gmii">gmii</spirit:enumeration>
      <spirit:enumeration spirit:text="rgmii">rgmii</spirit:enumeration>
      <spirit:enumeration spirit:text="sfp sgmii">sfp_sgmii</spirit:enumeration>
      <spirit:enumeration spirit:text="sgmii">sgmii</spirit:enumeration>
      <spirit:enumeration spirit:text="sma lvds">sma_lvds</spirit:enumeration>
      <spirit:enumeration spirit:text="sma sgmii">sma_sgmii</spirit:enumeration>
      <spirit:enumeration spirit:text="sfp">sfp</spirit:enumeration>
      <spirit:enumeration spirit:text="sma sfp">sma_sfp</spirit:enumeration>
    </spirit:choice>
    <spirit:choice>
      <spirit:name>choices_1</spirit:name>
      <spirit:enumeration spirit:text="MII">MII</spirit:enumeration>
      <spirit:enumeration spirit:text="GMII">GMII</spirit:enumeration>
      <spirit:enumeration spirit:text="RGMII">RGMII</spirit:enumeration>
      <spirit:enumeration spirit:text="SGMII">SGMII</spirit:enumeration>
      <spirit:enumeration spirit:text="1000BaseX">1000BaseX</spirit:enumeration>
    </spirit:choice>
    <spirit:choice>
      <spirit:name>choices_2</spirit:name>
      <spirit:enumeration spirit:text="Custom">Custom</spirit:enumeration>
      <spirit:enumeration spirit:text="mdio io">mdio_io</spirit:enumeration>
    </spirit:choice>
    <spirit:choice>
      <spirit:name>choices_3</spirit:name>
      <spirit:enumeration spirit:text="Custom">Custom</spirit:enumeration>
      <spirit:enumeration spirit:text="phy reset out">phy_reset_out</spirit:enumeration>
    </spirit:choice>
    <spirit:choice>
      <spirit:name>choices_4</spirit:name>
      <spirit:enumeration spirit:text="Include Shared Logic in Core">1</spirit:enumeration>
      <spirit:enumeration spirit:text="No Shared Logic in Core">0</spirit:enumeration>
    </spirit:choice>
    <spirit:choice>
      <spirit:name>choices_5</spirit:name>
      <spirit:enumeration spirit:text="Custom">Custom</spirit:enumeration>
      <spirit:enumeration spirit:text="sgmii mgt clk">sgmii_mgt_clk</spirit:enumeration>
      <spirit:enumeration spirit:text="sma mgt clk">sma_mgt_clk</spirit:enumeration>
    </spirit:choice>
    <spirit:choice>
      <spirit:name>choices_6</spirit:name>
      <spirit:enumeration spirit:text="1 Step">true</spirit:enumeration>
      <spirit:enumeration spirit:text="2 Step">false</spirit:enumeration>
    </spirit:choice>
    <spirit:choice>
      <spirit:name>choices_7</spirit:name>
      <spirit:enumeration spirit:text="Time of day">0</spirit:enumeration>
      <spirit:enumeration spirit:text="Correction Field Format">1</spirit:enumeration>
    </spirit:choice>
    <spirit:choice>
      <spirit:name>choices_8</spirit:name>
      <spirit:enumeration spirit:text="64bit">64bit</spirit:enumeration>
      <spirit:enumeration spirit:text="32bit">32bit</spirit:enumeration>
    </spirit:choice>
    <spirit:choice>
      <spirit:name>choices_9</spirit:name>
      <spirit:enumeration spirit:text="2k">2k</spirit:enumeration>
      <spirit:enumeration spirit:text="4k">4k</spirit:enumeration>
      <spirit:enumeration spirit:text="8k">8k</spirit:enumeration>
      <spirit:enumeration spirit:text="16k">16k</spirit:enumeration>
      <spirit:enumeration spirit:text="32k">32k</spirit:enumeration>
    </spirit:choice>
    <spirit:choice>
      <spirit:name>choices_10</spirit:name>
      <spirit:enumeration spirit:text="2k">2k</spirit:enumeration>
      <spirit:enumeration spirit:text="4k">4k</spirit:enumeration>
      <spirit:enumeration spirit:text="8k">8k</spirit:enumeration>
      <spirit:enumeration spirit:text="16k">16k</spirit:enumeration>
      <spirit:enumeration spirit:text="32k">32k</spirit:enumeration>
    </spirit:choice>
    <spirit:choice>
      <spirit:name>choices_11</spirit:name>
      <spirit:enumeration spirit:text="No Checksum Offload">None</spirit:enumeration>
      <spirit:enumeration spirit:text="Partial (legacy) Checksum Offload">Partial</spirit:enumeration>
      <spirit:enumeration spirit:text="Full Checksum Offload">Full</spirit:enumeration>
    </spirit:choice>
    <spirit:choice>
      <spirit:name>choices_12</spirit:name>
      <spirit:enumeration spirit:text="No Checksum Offload">None</spirit:enumeration>
      <spirit:enumeration spirit:text="Partial (legacy) Checksum Offload">Partial</spirit:enumeration>
      <spirit:enumeration spirit:text="Full Checksum Offload">Full</spirit:enumeration>
    </spirit:choice>
  </spirit:choices>
  <spirit:description>AXI Ethernet</spirit:description>
  <spirit:parameters>
    <spirit:parameter>
      <spirit:name>Component_Name</spirit:name>
      <spirit:value spirit:resolve="user" spirit:id="PARAM_VALUE.Component_Name" spirit:order="1000">KC705_EXAMPLE_axi_ethernet_0_0</spirit:value>
    </spirit:parameter>
    <spirit:parameter>
      <spirit:name>USE_BOARD_FLOW</spirit:name>
      <spirit:displayName>Generate Board based IO Constraints</spirit:displayName>
      <spirit:value spirit:format="bool" spirit:resolve="user" spirit:id="PARAM_VALUE.USE_BOARD_FLOW" spirit:order="2000">true</spirit:value>
    </spirit:parameter>
    <spirit:parameter>
      <spirit:name>ETHERNET_BOARD_INTERFACE</spirit:name>
      <spirit:value spirit:resolve="user" spirit:id="PARAM_VALUE.ETHERNET_BOARD_INTERFACE" spirit:choiceRef="choices_0" spirit:order="3000">gmii</spirit:value>
    </spirit:parameter>
    <spirit:parameter>
      <spirit:name>PHY_TYPE</spirit:name>
      <spirit:displayName>Physical Interface Selection</spirit:displayName>
      <spirit:value spirit:resolve="user" spirit:id="PARAM_VALUE.PHY_TYPE" spirit:choiceRef="choices_1" spirit:order="4000">GMII</spirit:value>
    </spirit:parameter>
    <spirit:parameter>
      <spirit:name>MDIO_BOARD_INTERFACE</spirit:name>
      <spirit:value spirit:resolve="user" spirit:id="PARAM_VALUE.MDIO_BOARD_INTERFACE" spirit:choiceRef="choices_2" spirit:order="5000">mdio_io</spirit:value>
    </spirit:parameter>
    <spirit:parameter>
      <spirit:name>PHYRST_BOARD_INTERFACE</spirit:name>
      <spirit:value spirit:resolve="user" spirit:id="PARAM_VALUE.PHYRST_BOARD_INTERFACE" spirit:choiceRef="choices_3" spirit:order="5500">phy_reset_out</spirit:value>
    </spirit:parameter>
    <spirit:parameter>
      <spirit:name>Enable_1588</spirit:name>
      <spirit:displayName>Enable 1588</spirit:displayName>
      <spirit:value spirit:format="bool" spirit:resolve="user" spirit:id="PARAM_VALUE.Enable_1588" spirit:order="6000">false</spirit:value>
    </spirit:parameter>
    <spirit:parameter>
      <spirit:name>ENABLE_LVDS</spirit:name>
      <spirit:displayName>Enable standard I/O (LVDS) for SGMII instead of a transceiver</spirit:displayName>
      <spirit:value spirit:format="bool" spirit:resolve="user" spirit:id="PARAM_VALUE.ENABLE_LVDS" spirit:order="7000">false</spirit:value>
    </spirit:parameter>
    <spirit:parameter>
      <spirit:name>SupportLevel</spirit:name>
      <spirit:displayName>Shared Logic</spirit:displayName>
      <spirit:value spirit:resolve="user" spirit:id="PARAM_VALUE.SupportLevel" spirit:choiceRef="choices_4" spirit:order="7200">1</spirit:value>
    </spirit:parameter>
    <spirit:parameter>
      <spirit:name>DIFFCLK_BOARD_INTERFACE</spirit:name>
      <spirit:value spirit:resolve="user" spirit:id="PARAM_VALUE.DIFFCLK_BOARD_INTERFACE" spirit:choiceRef="choices_5" spirit:order="7500">Custom</spirit:value>
    </spirit:parameter>
    <spirit:parameter>
      <spirit:name>ENABLE_AVB</spirit:name>
      <spirit:displayName>Enable AVB</spirit:displayName>
      <spirit:value spirit:format="bool" spirit:resolve="user" spirit:id="PARAM_VALUE.ENABLE_AVB" spirit:order="8000">false</spirit:value>
    </spirit:parameter>
    <spirit:parameter>
      <spirit:name>TXVLAN_TRAN</spirit:name>
      <spirit:displayName>Enable Tx VLAN translation</spirit:displayName>
      <spirit:value spirit:format="bool" spirit:resolve="user" spirit:id="PARAM_VALUE.TXVLAN_TRAN" spirit:order="9000">false</spirit:value>
    </spirit:parameter>
    <spirit:parameter>
      <spirit:name>RXVLAN_TRAN</spirit:name>
      <spirit:displayName>Enable Rx VLAN translation</spirit:displayName>
      <spirit:value spirit:format="bool" spirit:resolve="user" spirit:id="PARAM_VALUE.RXVLAN_TRAN" spirit:order="10000">false</spirit:value>
    </spirit:parameter>
    <spirit:parameter>
      <spirit:name>TXVLAN_TAG</spirit:name>
      <spirit:displayName>Enable Tx VLAN tagging</spirit:displayName>
      <spirit:value spirit:format="bool" spirit:resolve="user" spirit:id="PARAM_VALUE.TXVLAN_TAG" spirit:order="11000">false</spirit:value>
    </spirit:parameter>
    <spirit:parameter>
      <spirit:name>RXVLAN_TAG</spirit:name>
      <spirit:displayName>Enable Rx VLAN tagging</spirit:displayName>
      <spirit:value spirit:format="bool" spirit:resolve="user" spirit:id="PARAM_VALUE.RXVLAN_TAG" spirit:order="12000">false</spirit:value>
    </spirit:parameter>
    <spirit:parameter>
      <spirit:name>TXVLAN_STRP</spirit:name>
      <spirit:displayName>Enable Tx VLAN stripping</spirit:displayName>
      <spirit:value spirit:format="bool" spirit:resolve="user" spirit:id="PARAM_VALUE.TXVLAN_STRP" spirit:order="13000">false</spirit:value>
    </spirit:parameter>
    <spirit:parameter>
      <spirit:name>RXVLAN_STRP</spirit:name>
      <spirit:displayName>Enable Rx VLAN stripping</spirit:displayName>
      <spirit:value spirit:format="bool" spirit:resolve="user" spirit:id="PARAM_VALUE.RXVLAN_STRP" spirit:order="14000">false</spirit:value>
    </spirit:parameter>
    <spirit:parameter>
      <spirit:name>MCAST_EXTEND</spirit:name>
      <spirit:displayName>Enable Rx extended multicast address filtering</spirit:displayName>
      <spirit:value spirit:format="bool" spirit:resolve="user" spirit:id="PARAM_VALUE.MCAST_EXTEND" spirit:order="15000">false</spirit:value>
    </spirit:parameter>
    <spirit:parameter>
      <spirit:name>Frame_Filter</spirit:name>
      <spirit:displayName>Frame Filter</spirit:displayName>
      <spirit:value spirit:format="bool" spirit:resolve="user" spirit:id="PARAM_VALUE.Frame_Filter" spirit:order="16000">true</spirit:value>
    </spirit:parameter>
    <spirit:parameter>
      <spirit:name>Statistics_Reset</spirit:name>
      <spirit:displayName>Allow Statistics to be reset</spirit:displayName>
      <spirit:value spirit:format="bool" spirit:resolve="user" spirit:id="PARAM_VALUE.Statistics_Reset" spirit:order="17000">false</spirit:value>
    </spirit:parameter>
    <spirit:parameter>
      <spirit:name>Statistics_Counters</spirit:name>
      <spirit:displayName>Enable statistics counters</spirit:displayName>
      <spirit:value spirit:format="bool" spirit:resolve="user" spirit:id="PARAM_VALUE.Statistics_Counters" spirit:order="18000">true</spirit:value>
    </spirit:parameter>
    <spirit:parameter>
      <spirit:name>Number_of_Table_Entries</spirit:name>
      <spirit:displayName>Number of Table Entries</spirit:displayName>
      <spirit:value spirit:format="long" spirit:resolve="user" spirit:id="PARAM_VALUE.Number_of_Table_Entries" spirit:order="19000" spirit:minimum="0" spirit:maximum="8">4</spirit:value>
    </spirit:parameter>
    <spirit:parameter>
      <spirit:name>PHYADDR</spirit:name>
      <spirit:displayName>MDIO PHY Address, range 1 to 31</spirit:displayName>
      <spirit:value spirit:format="long" spirit:resolve="user" spirit:id="PARAM_VALUE.PHYADDR" spirit:order="20000" spirit:minimum="0" spirit:maximum="31">1</spirit:value>
    </spirit:parameter>
    <spirit:parameter>
      <spirit:name>Enable_1588_1step</spirit:name>
      <spirit:displayName>1-step or 2-step support</spirit:displayName>
      <spirit:value spirit:resolve="user" spirit:id="PARAM_VALUE.Enable_1588_1step" spirit:choiceRef="choices_6" spirit:order="21000">false</spirit:value>
    </spirit:parameter>
    <spirit:parameter>
      <spirit:name>Timer_Format</spirit:name>
      <spirit:displayName>Timer Format</spirit:displayName>
      <spirit:value spirit:resolve="user" spirit:id="PARAM_VALUE.Timer_Format" spirit:choiceRef="choices_7" spirit:order="21500">0</spirit:value>
    </spirit:parameter>
    <spirit:parameter>
      <spirit:name>Statistics_Width</spirit:name>
      <spirit:displayName>Statistics Counter Width</spirit:displayName>
      <spirit:value spirit:resolve="user" spirit:id="PARAM_VALUE.Statistics_Width" spirit:choiceRef="choices_8" spirit:order="22000">64bit</spirit:value>
    </spirit:parameter>
    <spirit:parameter>
      <spirit:name>RXMEM</spirit:name>
      <spirit:displayName>RX Memory Size</spirit:displayName>
      <spirit:value spirit:resolve="user" spirit:id="PARAM_VALUE.RXMEM" spirit:choiceRef="choices_9" spirit:order="23000">4k</spirit:value>
    </spirit:parameter>
    <spirit:parameter>
      <spirit:name>TXMEM</spirit:name>
      <spirit:displayName>TX Memory Size</spirit:displayName>
      <spirit:value spirit:resolve="user" spirit:id="PARAM_VALUE.TXMEM" spirit:choiceRef="choices_10" spirit:order="24000">4k</spirit:value>
    </spirit:parameter>
    <spirit:parameter>
      <spirit:name>TXCSUM</spirit:name>
      <spirit:displayName>TX Checksum Offload</spirit:displayName>
      <spirit:value spirit:resolve="user" spirit:id="PARAM_VALUE.TXCSUM" spirit:choiceRef="choices_11" spirit:order="25000">None</spirit:value>
    </spirit:parameter>
    <spirit:parameter>
      <spirit:name>RXCSUM</spirit:name>
      <spirit:displayName>RX Checksum Offload</spirit:displayName>
      <spirit:value spirit:resolve="user" spirit:id="PARAM_VALUE.RXCSUM" spirit:choiceRef="choices_12" spirit:order="26000">None</spirit:value>
    </spirit:parameter>
    <spirit:parameter>
      <spirit:name>TIMER_CLK_PERIOD</spirit:name>
      <spirit:displayName>1588 System Timer reference clock period in ps</spirit:displayName>
      <spirit:value spirit:format="long" spirit:resolve="user" spirit:id="PARAM_VALUE.TIMER_CLK_PERIOD" spirit:order="27000">4000</spirit:value>
    </spirit:parameter>
    <spirit:parameter>
      <spirit:name>SIMULATION_MODE</spirit:name>
      <spirit:displayName>Enable Simulation Mode</spirit:displayName>
      <spirit:value spirit:format="bool" spirit:resolve="user" spirit:id="PARAM_VALUE.SIMULATION_MODE" spirit:order="28000">false</spirit:value>
    </spirit:parameter>
    <spirit:parameter>
      <spirit:name>Include_IO</spirit:name>
      <spirit:displayName>Include IO elements</spirit:displayName>
      <spirit:value spirit:format="bool" spirit:resolve="user" spirit:id="PARAM_VALUE.Include_IO" spirit:order="29000">true</spirit:value>
    </spirit:parameter>
    <spirit:parameter>
      <spirit:name>Standalone</spirit:name>
      <spirit:displayName>Embedded AXI Ethernet or TEMAC and PHY in standalone mode</spirit:displayName>
      <spirit:value spirit:format="bool" spirit:resolve="user" spirit:id="PARAM_VALUE.Standalone" spirit:order="30000">false</spirit:value>
    </spirit:parameter>
  </spirit:parameters>
  <spirit:vendorExtensions>
    <xilinx:coreExtensions>
      <xilinx:supportedFamilies>
        <xilinx:family xilinx:lifeCycle="Production">artix7</xilinx:family>
        <xilinx:family xilinx:lifeCycle="Production">kintex7</xilinx:family>
        <xilinx:family xilinx:lifeCycle="Pre-Production">kintexu</xilinx:family>
        <xilinx:family xilinx:lifeCycle="Production">virtex7</xilinx:family>
        <xilinx:family xilinx:lifeCycle="Pre-Production">virtexu</xilinx:family>
        <xilinx:family xilinx:lifeCycle="Production">zynq</xilinx:family>
      </xilinx:supportedFamilies>
      <xilinx:taxonomies>
        <xilinx:taxonomy>/Embedded_Processing/AXI_Peripheral/High_Speed_Peripheral</xilinx:taxonomy>
      </xilinx:taxonomies>
      <xilinx:displayName>AXI Ethernet</xilinx:displayName>
      <xilinx:vendorDisplayName>Xilinx</xilinx:vendorDisplayName>
      <xilinx:vendorURL>http://www.xilinx.com</xilinx:vendorURL>
      <xilinx:coreRevision>1</xilinx:coreRevision>
      <xilinx:paymentRequired>false</xilinx:paymentRequired>
      <xilinx:upgrades>
        <xilinx:canUpgradeFrom>xilinx.com:ip:axi_ethernet:6.0</xilinx:canUpgradeFrom>
        <xilinx:canUpgradeFrom>xilinx.com:ip:axi_ethernet:5.0</xilinx:canUpgradeFrom>
        <xilinx:canUpgradeFrom>xilinx.com:ip:axi_ethernet:4.0</xilinx:canUpgradeFrom>
      </xilinx:upgrades>
      <xilinx:coreCreationDateTime>2014-05-30T15:08:24Z</xilinx:coreCreationDateTime>
    </xilinx:coreExtensions>
    <xilinx:packagingInfo>
      <xilinx:xilinxVersion>2014.2</xilinx:xilinxVersion>
      <xilinx:checksum xilinx:scope="fileGroups" xilinx:value="7a7587c1"/>
      <xilinx:checksum xilinx:scope="parameters" xilinx:value="43094d3f"/>
    </xilinx:packagingInfo>
  </spirit:vendorExtensions>
</spirit:component>
