<?xml version="1.0" encoding="UTF-8"?>
<spirit:component xmlns:xilinx="http://www.xilinx.com" xmlns:spirit="http://www.spiritconsortium.org/XMLSchema/SPIRIT/1685-2009" xmlns:xsi="http://www.w3.org/2001/XMLSchema-instance">
  <spirit:vendor>xilinx.com</spirit:vendor>
  <spirit:library>customized_ip</spirit:library>
  <spirit:name>KC705_EXAMPLE_axi_uartlite_0_0</spirit:name>
  <spirit:version>1.0</spirit:version>
  <spirit:busInterfaces>
    <spirit:busInterface>
      <spirit:name>S_AXI</spirit:name>
      <spirit:displayName>S_AXI</spirit:displayName>
      <spirit:busType spirit:vendor="xilinx.com" spirit:library="interface" spirit:name="aximm" spirit:version="1.0"/>
      <spirit:abstractionType spirit:vendor="xilinx.com" spirit:library="interface" spirit:name="aximm_rtl" spirit:version="1.0"/>
      <spirit:slave/>
      <spirit:portMaps>
        <spirit:portMap>
          <spirit:logicalPort>
            <spirit:name>ARADDR</spirit:name>
          </spirit:logicalPort>
          <spirit:physicalPort>
            <spirit:name>s_axi_araddr</spirit:name>
          </spirit:physicalPort>
        </spirit:portMap>
        <spirit:portMap>
          <spirit:logicalPort>
            <spirit:name>ARREADY</spirit:name>
          </spirit:logicalPort>
          <spirit:physicalPort>
            <spirit:name>s_axi_arready</spirit:name>
          </spirit:physicalPort>
        </spirit:portMap>
        <spirit:portMap>
          <spirit:logicalPort>
            <spirit:name>ARVALID</spirit:name>
          </spirit:logicalPort>
          <spirit:physicalPort>
            <spirit:name>s_axi_arvalid</spirit:name>
          </spirit:physicalPort>
        </spirit:portMap>
        <spirit:portMap>
          <spirit:logicalPort>
            <spirit:name>AWADDR</spirit:name>
          </spirit:logicalPort>
          <spirit:physicalPort>
            <spirit:name>s_axi_awaddr</spirit:name>
          </spirit:physicalPort>
        </spirit:portMap>
        <spirit:portMap>
          <spirit:logicalPort>
            <spirit:name>AWREADY</spirit:name>
          </spirit:logicalPort>
          <spirit:physicalPort>
            <spirit:name>s_axi_awready</spirit:name>
          </spirit:physicalPort>
        </spirit:portMap>
        <spirit:portMap>
          <spirit:logicalPort>
            <spirit:name>AWVALID</spirit:name>
          </spirit:logicalPort>
          <spirit:physicalPort>
            <spirit:name>s_axi_awvalid</spirit:name>
          </spirit:physicalPort>
        </spirit:portMap>
        <spirit:portMap>
          <spirit:logicalPort>
            <spirit:name>BREADY</spirit:name>
          </spirit:logicalPort>
          <spirit:physicalPort>
            <spirit:name>s_axi_bready</spirit:name>
          </spirit:physicalPort>
        </spirit:portMap>
        <spirit:portMap>
          <spirit:logicalPort>
            <spirit:name>BRESP</spirit:name>
          </spirit:logicalPort>
          <spirit:physicalPort>
            <spirit:name>s_axi_bresp</spirit:name>
          </spirit:physicalPort>
        </spirit:portMap>
        <spirit:portMap>
          <spirit:logicalPort>
            <spirit:name>BVALID</spirit:name>
          </spirit:logicalPort>
          <spirit:physicalPort>
            <spirit:name>s_axi_bvalid</spirit:name>
          </spirit:physicalPort>
        </spirit:portMap>
        <spirit:portMap>
          <spirit:logicalPort>
            <spirit:name>RDATA</spirit:name>
          </spirit:logicalPort>
          <spirit:physicalPort>
            <spirit:name>s_axi_rdata</spirit:name>
          </spirit:physicalPort>
        </spirit:portMap>
        <spirit:portMap>
          <spirit:logicalPort>
            <spirit:name>RREADY</spirit:name>
          </spirit:logicalPort>
          <spirit:physicalPort>
            <spirit:name>s_axi_rready</spirit:name>
          </spirit:physicalPort>
        </spirit:portMap>
        <spirit:portMap>
          <spirit:logicalPort>
            <spirit:name>RRESP</spirit:name>
          </spirit:logicalPort>
          <spirit:physicalPort>
            <spirit:name>s_axi_rresp</spirit:name>
          </spirit:physicalPort>
        </spirit:portMap>
        <spirit:portMap>
          <spirit:logicalPort>
            <spirit:name>RVALID</spirit:name>
          </spirit:logicalPort>
          <spirit:physicalPort>
            <spirit:name>s_axi_rvalid</spirit:name>
          </spirit:physicalPort>
        </spirit:portMap>
        <spirit:portMap>
          <spirit:logicalPort>
            <spirit:name>WDATA</spirit:name>
          </spirit:logicalPort>
          <spirit:physicalPort>
            <spirit:name>s_axi_wdata</spirit:name>
          </spirit:physicalPort>
        </spirit:portMap>
        <spirit:portMap>
          <spirit:logicalPort>
            <spirit:name>WREADY</spirit:name>
          </spirit:logicalPort>
          <spirit:physicalPort>
            <spirit:name>s_axi_wready</spirit:name>
          </spirit:physicalPort>
        </spirit:portMap>
        <spirit:portMap>
          <spirit:logicalPort>
            <spirit:name>WSTRB</spirit:name>
          </spirit:logicalPort>
          <spirit:physicalPort>
            <spirit:name>s_axi_wstrb</spirit:name>
          </spirit:physicalPort>
        </spirit:portMap>
        <spirit:portMap>
          <spirit:logicalPort>
            <spirit:name>WVALID</spirit:name>
          </spirit:logicalPort>
          <spirit:physicalPort>
            <spirit:name>s_axi_wvalid</spirit:name>
          </spirit:physicalPort>
        </spirit:portMap>
      </spirit:portMaps>
    </spirit:busInterface>
    <spirit:busInterface>
      <spirit:name>ACLK</spirit:name>
      <spirit:displayName>aclk</spirit:displayName>
      <spirit:busType spirit:vendor="xilinx.com" spirit:library="signal" spirit:name="clock" spirit:version="1.0"/>
      <spirit:abstractionType spirit:vendor="xilinx.com" spirit:library="signal" spirit:name="clock_rtl" spirit:version="1.0"/>
      <spirit:slave/>
      <spirit:portMaps>
        <spirit:portMap>
          <spirit:logicalPort>
            <spirit:name>CLK</spirit:name>
          </spirit:logicalPort>
          <spirit:physicalPort>
            <spirit:name>s_axi_aclk</spirit:name>
          </spirit:physicalPort>
        </spirit:portMap>
      </spirit:portMaps>
      <spirit:parameters>
        <spirit:parameter>
          <spirit:name>ASSOCIATED_BUSIF</spirit:name>
          <spirit:value spirit:id="BUSIFPARAM_VALUE.ACLK.ASSOCIATED_BUSIF">S_AXI</spirit:value>
        </spirit:parameter>
        <spirit:parameter>
          <spirit:name>ASSOCIATED_RESET</spirit:name>
          <spirit:value spirit:id="BUSIFPARAM_VALUE.ACLK.ASSOCIATED_RESET">s_axi_aresetn</spirit:value>
        </spirit:parameter>
      </spirit:parameters>
    </spirit:busInterface>
    <spirit:busInterface>
      <spirit:name>ARESETN</spirit:name>
      <spirit:displayName>aresetn</spirit:displayName>
      <spirit:busType spirit:vendor="xilinx.com" spirit:library="signal" spirit:name="reset" spirit:version="1.0"/>
      <spirit:abstractionType spirit:vendor="xilinx.com" spirit:library="signal" spirit:name="reset_rtl" spirit:version="1.0"/>
      <spirit:slave/>
      <spirit:portMaps>
        <spirit:portMap>
          <spirit:logicalPort>
            <spirit:name>RST</spirit:name>
          </spirit:logicalPort>
          <spirit:physicalPort>
            <spirit:name>s_axi_aresetn</spirit:name>
          </spirit:physicalPort>
        </spirit:portMap>
      </spirit:portMaps>
      <spirit:parameters>
        <spirit:parameter>
          <spirit:name>POLARITY</spirit:name>
          <spirit:value spirit:id="BUSIFPARAM_VALUE.ARESETN.POLARITY">ACTIVE_LOW</spirit:value>
        </spirit:parameter>
      </spirit:parameters>
    </spirit:busInterface>
    <spirit:busInterface>
      <spirit:name>INTERRUPT</spirit:name>
      <spirit:displayName>interrupt</spirit:displayName>
      <spirit:busType spirit:vendor="xilinx.com" spirit:library="signal" spirit:name="interrupt" spirit:version="1.0"/>
      <spirit:abstractionType spirit:vendor="xilinx.com" spirit:library="signal" spirit:name="interrupt_rtl" spirit:version="1.0"/>
      <spirit:master/>
      <spirit:portMaps>
        <spirit:portMap>
          <spirit:logicalPort>
            <spirit:name>interrupt</spirit:name>
          </spirit:logicalPort>
          <spirit:physicalPort>
            <spirit:name>interrupt</spirit:name>
          </spirit:physicalPort>
        </spirit:portMap>
      </spirit:portMaps>
      <spirit:parameters>
        <spirit:parameter>
          <spirit:name>SENSITIVITY</spirit:name>
          <spirit:value spirit:id="BUSIFPARAM_VALUE.INTERRUPT.SENSITIVITY">EDGE_RISING</spirit:value>
        </spirit:parameter>
      </spirit:parameters>
    </spirit:busInterface>
    <spirit:busInterface>
      <spirit:name>UART</spirit:name>
      <spirit:displayName>uart</spirit:displayName>
      <spirit:busType spirit:vendor="xilinx.com" spirit:library="interface" spirit:name="uart" spirit:version="1.0"/>
      <spirit:abstractionType spirit:vendor="xilinx.com" spirit:library="interface" spirit:name="uart_rtl" spirit:version="1.0"/>
      <spirit:master/>
      <spirit:portMaps>
        <spirit:portMap>
          <spirit:logicalPort>
            <spirit:name>RxD</spirit:name>
          </spirit:logicalPort>
          <spirit:physicalPort>
            <spirit:name>rx</spirit:name>
          </spirit:physicalPort>
        </spirit:portMap>
        <spirit:portMap>
          <spirit:logicalPort>
            <spirit:name>TxD</spirit:name>
          </spirit:logicalPort>
          <spirit:physicalPort>
            <spirit:name>tx</spirit:name>
          </spirit:physicalPort>
        </spirit:portMap>
      </spirit:portMaps>
      <spirit:parameters>
        <spirit:parameter>
          <spirit:name>BOARD.ASSOCIATED_PARAM</spirit:name>
          <spirit:value spirit:id="BUSIFPARAM_VALUE.UART.BOARD.ASSOCIATED_PARAM">UARTLITE_BOARD_INTERFACE</spirit:value>
          <spirit:vendorExtensions>
            <xilinx:parameterInfo>
              <xilinx:enablement>
                <xilinx:presence>required</xilinx:presence>
              </xilinx:enablement>
            </xilinx:parameterInfo>
          </spirit:vendorExtensions>
        </spirit:parameter>
      </spirit:parameters>
    </spirit:busInterface>
  </spirit:busInterfaces>
  <spirit:model>
    <spirit:views>
      <spirit:view>
        <spirit:name>xilinx_vhdlsynthesis</spirit:name>
        <spirit:displayName>VHDL Synthesis</spirit:displayName>
        <spirit:envIdentifier>vhdlSource:vivado.xilinx.com:synthesis</spirit:envIdentifier>
        <spirit:language>vhdl</spirit:language>
        <spirit:fileSetRef>
          <spirit:localName>xilinx_vhdlsynthesis_xilinx_com_ip_blk_mem_gen_8_2__ref_view_fileset</spirit:localName>
        </spirit:fileSetRef>
        <spirit:fileSetRef>
          <spirit:localName>xilinx_vhdlsynthesis_xilinx_com_ip_fifo_generator_12_0__ref_view_fileset</spirit:localName>
        </spirit:fileSetRef>
        <spirit:fileSetRef>
          <spirit:localName>xilinx_vhdlsynthesis_xilinx_com_ip_proc_common_4_0__ref_view_fileset</spirit:localName>
        </spirit:fileSetRef>
        <spirit:fileSetRef>
          <spirit:localName>xilinx_vhdlsynthesis_xilinx_com_ip_axi_lite_ipif_2_0__ref_view_fileset</spirit:localName>
        </spirit:fileSetRef>
        <spirit:fileSetRef>
          <spirit:localName>xilinx_vhdlsynthesis_view_fileset</spirit:localName>
        </spirit:fileSetRef>
        <spirit:parameters>
          <spirit:parameter>
            <spirit:name>customizationCRC</spirit:name>
            <spirit:value>a5a421fb</spirit:value>
          </spirit:parameter>
          <spirit:parameter>
            <spirit:name>customizationCRCversion</spirit:name>
            <spirit:value>4</spirit:value>
          </spirit:parameter>
          <spirit:parameter>
            <spirit:name>GENtimestamp</spirit:name>
            <spirit:value>Tue Jun 03 10:45:13 UTC 2014</spirit:value>
          </spirit:parameter>
          <spirit:parameter>
            <spirit:name>StaleAtRelink</spirit:name>
            <spirit:value>false</spirit:value>
          </spirit:parameter>
        </spirit:parameters>
      </spirit:view>
      <spirit:view>
        <spirit:name>xilinx_implementation</spirit:name>
        <spirit:displayName>Implementation</spirit:displayName>
        <spirit:envIdentifier>:vivado.xilinx.com:implementation</spirit:envIdentifier>
        <spirit:fileSetRef>
          <spirit:localName>xilinx_implementation_view_fileset</spirit:localName>
        </spirit:fileSetRef>
        <spirit:parameters>
          <spirit:parameter>
            <spirit:name>customizationCRC</spirit:name>
            <spirit:value>a5a421fb</spirit:value>
          </spirit:parameter>
          <spirit:parameter>
            <spirit:name>customizationCRCversion</spirit:name>
            <spirit:value>4</spirit:value>
          </spirit:parameter>
          <spirit:parameter>
            <spirit:name>GENtimestamp</spirit:name>
            <spirit:value>Tue Jun 03 10:45:13 UTC 2014</spirit:value>
          </spirit:parameter>
          <spirit:parameter>
            <spirit:name>StaleAtRelink</spirit:name>
            <spirit:value>false</spirit:value>
          </spirit:parameter>
        </spirit:parameters>
      </spirit:view>
      <spirit:view>
        <spirit:name>xilinx_vhdlsynthesiswrapper</spirit:name>
        <spirit:displayName>VHDL Synthesis Wrapper</spirit:displayName>
        <spirit:envIdentifier>vhdlSource:vivado.xilinx.com:synthesis.wrapper</spirit:envIdentifier>
        <spirit:language>vhdl</spirit:language>
        <spirit:fileSetRef>
          <spirit:localName>xilinx_vhdlsynthesiswrapper_view_fileset</spirit:localName>
        </spirit:fileSetRef>
        <spirit:parameters>
          <spirit:parameter>
            <spirit:name>customizationCRC</spirit:name>
            <spirit:value>a5a421fb</spirit:value>
          </spirit:parameter>
          <spirit:parameter>
            <spirit:name>customizationCRCversion</spirit:name>
            <spirit:value>4</spirit:value>
          </spirit:parameter>
          <spirit:parameter>
            <spirit:name>GENtimestamp</spirit:name>
            <spirit:value>Tue Jun 03 10:45:13 UTC 2014</spirit:value>
          </spirit:parameter>
          <spirit:parameter>
            <spirit:name>StaleAtRelink</spirit:name>
            <spirit:value>false</spirit:value>
          </spirit:parameter>
        </spirit:parameters>
      </spirit:view>
    </spirit:views>
    <spirit:ports>
      <spirit:port>
        <spirit:name>s_axi_aclk</spirit:name>
        <spirit:wire>
          <spirit:direction>in</spirit:direction>
          <spirit:wireTypeDefs>
            <spirit:wireTypeDef>
              <spirit:typeName>std_logic</spirit:typeName>
              <spirit:viewNameRef>xilinx_vhdlsynthesis</spirit:viewNameRef>
            </spirit:wireTypeDef>
          </spirit:wireTypeDefs>
          <spirit:driver>
            <spirit:defaultValue spirit:bitStringLength="1">0</spirit:defaultValue>
          </spirit:driver>
        </spirit:wire>
        <spirit:vendorExtensions>
          <xilinx:portInfo>
            <xilinx:enablement>
              <xilinx:isEnabled>true</xilinx:isEnabled>
            </xilinx:enablement>
          </xilinx:portInfo>
        </spirit:vendorExtensions>
      </spirit:port>
      <spirit:port>
        <spirit:name>s_axi_aresetn</spirit:name>
        <spirit:wire>
          <spirit:direction>in</spirit:direction>
          <spirit:wireTypeDefs>
            <spirit:wireTypeDef>
              <spirit:typeName>std_logic</spirit:typeName>
              <spirit:viewNameRef>xilinx_vhdlsynthesis</spirit:viewNameRef>
            </spirit:wireTypeDef>
          </spirit:wireTypeDefs>
          <spirit:driver>
            <spirit:defaultValue spirit:format="bitString" spirit:bitStringLength="1">1</spirit:defaultValue>
          </spirit:driver>
        </spirit:wire>
        <spirit:vendorExtensions>
          <xilinx:portInfo>
            <xilinx:enablement>
              <xilinx:isEnabled>true</xilinx:isEnabled>
            </xilinx:enablement>
          </xilinx:portInfo>
        </spirit:vendorExtensions>
      </spirit:port>
      <spirit:port>
        <spirit:name>interrupt</spirit:name>
        <spirit:wire>
          <spirit:direction>out</spirit:direction>
          <spirit:wireTypeDefs>
            <spirit:wireTypeDef>
              <spirit:typeName>std_logic</spirit:typeName>
              <spirit:viewNameRef>xilinx_vhdlsynthesis</spirit:viewNameRef>
            </spirit:wireTypeDef>
          </spirit:wireTypeDefs>
        </spirit:wire>
        <spirit:vendorExtensions>
          <xilinx:portInfo>
            <xilinx:enablement>
              <xilinx:isEnabled>true</xilinx:isEnabled>
            </xilinx:enablement>
          </xilinx:portInfo>
        </spirit:vendorExtensions>
      </spirit:port>
      <spirit:port>
        <spirit:name>s_axi_awaddr</spirit:name>
        <spirit:wire>
          <spirit:direction>in</spirit:direction>
          <spirit:vector>
            <spirit:left>3</spirit:left>
            <spirit:right>0</spirit:right>
          </spirit:vector>
          <spirit:wireTypeDefs>
            <spirit:wireTypeDef>
              <spirit:typeName>std_logic_vector</spirit:typeName>
              <spirit:viewNameRef>xilinx_vhdlsynthesis</spirit:viewNameRef>
            </spirit:wireTypeDef>
          </spirit:wireTypeDefs>
          <spirit:driver>
            <spirit:defaultValue spirit:bitStringLength="32">0</spirit:defaultValue>
          </spirit:driver>
        </spirit:wire>
        <spirit:vendorExtensions>
          <xilinx:portInfo>
            <xilinx:enablement>
              <xilinx:isEnabled>true</xilinx:isEnabled>
            </xilinx:enablement>
          </xilinx:portInfo>
        </spirit:vendorExtensions>
      </spirit:port>
      <spirit:port>
        <spirit:name>s_axi_awvalid</spirit:name>
        <spirit:wire>
          <spirit:direction>in</spirit:direction>
          <spirit:wireTypeDefs>
            <spirit:wireTypeDef>
              <spirit:typeName>std_logic</spirit:typeName>
              <spirit:viewNameRef>xilinx_vhdlsynthesis</spirit:viewNameRef>
            </spirit:wireTypeDef>
          </spirit:wireTypeDefs>
          <spirit:driver>
            <spirit:defaultValue spirit:bitStringLength="1">0</spirit:defaultValue>
          </spirit:driver>
        </spirit:wire>
        <spirit:vendorExtensions>
          <xilinx:portInfo>
            <xilinx:enablement>
              <xilinx:isEnabled>true</xilinx:isEnabled>
            </xilinx:enablement>
          </xilinx:portInfo>
        </spirit:vendorExtensions>
      </spirit:port>
      <spirit:port>
        <spirit:name>s_axi_awready</spirit:name>
        <spirit:wire>
          <spirit:direction>out</spirit:direction>
          <spirit:wireTypeDefs>
            <spirit:wireTypeDef>
              <spirit:typeName>std_logic</spirit:typeName>
              <spirit:viewNameRef>xilinx_vhdlsynthesis</spirit:viewNameRef>
            </spirit:wireTypeDef>
          </spirit:wireTypeDefs>
        </spirit:wire>
        <spirit:vendorExtensions>
          <xilinx:portInfo>
            <xilinx:enablement>
              <xilinx:isEnabled>true</xilinx:isEnabled>
            </xilinx:enablement>
          </xilinx:portInfo>
        </spirit:vendorExtensions>
      </spirit:port>
      <spirit:port>
        <spirit:name>s_axi_wdata</spirit:name>
        <spirit:wire>
          <spirit:direction>in</spirit:direction>
          <spirit:vector>
            <spirit:left>31</spirit:left>
            <spirit:right>0</spirit:right>
          </spirit:vector>
          <spirit:wireTypeDefs>
            <spirit:wireTypeDef>
              <spirit:typeName>std_logic_vector</spirit:typeName>
              <spirit:viewNameRef>xilinx_vhdlsynthesis</spirit:viewNameRef>
            </spirit:wireTypeDef>
          </spirit:wireTypeDefs>
          <spirit:driver>
            <spirit:defaultValue spirit:bitStringLength="32">0</spirit:defaultValue>
          </spirit:driver>
        </spirit:wire>
        <spirit:vendorExtensions>
          <xilinx:portInfo>
            <xilinx:enablement>
              <xilinx:isEnabled>true</xilinx:isEnabled>
            </xilinx:enablement>
          </xilinx:portInfo>
        </spirit:vendorExtensions>
      </spirit:port>
      <spirit:port>
        <spirit:name>s_axi_wstrb</spirit:name>
        <spirit:wire>
          <spirit:direction>in</spirit:direction>
          <spirit:vector>
            <spirit:left>3</spirit:left>
            <spirit:right>0</spirit:right>
          </spirit:vector>
          <spirit:wireTypeDefs>
            <spirit:wireTypeDef>
              <spirit:typeName>std_logic_vector</spirit:typeName>
              <spirit:viewNameRef>xilinx_vhdlsynthesis</spirit:viewNameRef>
            </spirit:wireTypeDef>
          </spirit:wireTypeDefs>
          <spirit:driver>
            <spirit:defaultValue spirit:bitStringLength="4">0</spirit:defaultValue>
          </spirit:driver>
        </spirit:wire>
        <spirit:vendorExtensions>
          <xilinx:portInfo>
            <xilinx:enablement>
              <xilinx:isEnabled>true</xilinx:isEnabled>
            </xilinx:enablement>
          </xilinx:portInfo>
        </spirit:vendorExtensions>
      </spirit:port>
      <spirit:port>
        <spirit:name>s_axi_wvalid</spirit:name>
        <spirit:wire>
          <spirit:direction>in</spirit:direction>
          <spirit:wireTypeDefs>
            <spirit:wireTypeDef>
              <spirit:typeName>std_logic</spirit:typeName>
              <spirit:viewNameRef>xilinx_vhdlsynthesis</spirit:viewNameRef>
            </spirit:wireTypeDef>
          </spirit:wireTypeDefs>
          <spirit:driver>
            <spirit:defaultValue spirit:bitStringLength="1">0</spirit:defaultValue>
          </spirit:driver>
        </spirit:wire>
        <spirit:vendorExtensions>
          <xilinx:portInfo>
            <xilinx:enablement>
              <xilinx:isEnabled>true</xilinx:isEnabled>
            </xilinx:enablement>
          </xilinx:portInfo>
        </spirit:vendorExtensions>
      </spirit:port>
      <spirit:port>
        <spirit:name>s_axi_wready</spirit:name>
        <spirit:wire>
          <spirit:direction>out</spirit:direction>
          <spirit:wireTypeDefs>
            <spirit:wireTypeDef>
              <spirit:typeName>std_logic</spirit:typeName>
              <spirit:viewNameRef>xilinx_vhdlsynthesis</spirit:viewNameRef>
            </spirit:wireTypeDef>
          </spirit:wireTypeDefs>
        </spirit:wire>
        <spirit:vendorExtensions>
          <xilinx:portInfo>
            <xilinx:enablement>
              <xilinx:isEnabled>true</xilinx:isEnabled>
            </xilinx:enablement>
          </xilinx:portInfo>
        </spirit:vendorExtensions>
      </spirit:port>
      <spirit:port>
        <spirit:name>s_axi_bresp</spirit:name>
        <spirit:wire>
          <spirit:direction>out</spirit:direction>
          <spirit:vector>
            <spirit:left>1</spirit:left>
            <spirit:right>0</spirit:right>
          </spirit:vector>
          <spirit:wireTypeDefs>
            <spirit:wireTypeDef>
              <spirit:typeName>std_logic_vector</spirit:typeName>
              <spirit:viewNameRef>xilinx_vhdlsynthesis</spirit:viewNameRef>
            </spirit:wireTypeDef>
          </spirit:wireTypeDefs>
        </spirit:wire>
        <spirit:vendorExtensions>
          <xilinx:portInfo>
            <xilinx:enablement>
              <xilinx:isEnabled>true</xilinx:isEnabled>
            </xilinx:enablement>
          </xilinx:portInfo>
        </spirit:vendorExtensions>
      </spirit:port>
      <spirit:port>
        <spirit:name>s_axi_bvalid</spirit:name>
        <spirit:wire>
          <spirit:direction>out</spirit:direction>
          <spirit:wireTypeDefs>
            <spirit:wireTypeDef>
              <spirit:typeName>std_logic</spirit:typeName>
              <spirit:viewNameRef>xilinx_vhdlsynthesis</spirit:viewNameRef>
            </spirit:wireTypeDef>
          </spirit:wireTypeDefs>
        </spirit:wire>
        <spirit:vendorExtensions>
          <xilinx:portInfo>
            <xilinx:enablement>
              <xilinx:isEnabled>true</xilinx:isEnabled>
            </xilinx:enablement>
          </xilinx:portInfo>
        </spirit:vendorExtensions>
      </spirit:port>
      <spirit:port>
        <spirit:name>s_axi_bready</spirit:name>
        <spirit:wire>
          <spirit:direction>in</spirit:direction>
          <spirit:wireTypeDefs>
            <spirit:wireTypeDef>
              <spirit:typeName>std_logic</spirit:typeName>
              <spirit:viewNameRef>xilinx_vhdlsynthesis</spirit:viewNameRef>
            </spirit:wireTypeDef>
          </spirit:wireTypeDefs>
          <spirit:driver>
            <spirit:defaultValue spirit:bitStringLength="1">0</spirit:defaultValue>
          </spirit:driver>
        </spirit:wire>
        <spirit:vendorExtensions>
          <xilinx:portInfo>
            <xilinx:enablement>
              <xilinx:isEnabled>true</xilinx:isEnabled>
            </xilinx:enablement>
          </xilinx:portInfo>
        </spirit:vendorExtensions>
      </spirit:port>
      <spirit:port>
        <spirit:name>s_axi_araddr</spirit:name>
        <spirit:wire>
          <spirit:direction>in</spirit:direction>
          <spirit:vector>
            <spirit:left>3</spirit:left>
            <spirit:right>0</spirit:right>
          </spirit:vector>
          <spirit:wireTypeDefs>
            <spirit:wireTypeDef>
              <spirit:typeName>std_logic_vector</spirit:typeName>
              <spirit:viewNameRef>xilinx_vhdlsynthesis</spirit:viewNameRef>
            </spirit:wireTypeDef>
          </spirit:wireTypeDefs>
          <spirit:driver>
            <spirit:defaultValue spirit:bitStringLength="32">0</spirit:defaultValue>
          </spirit:driver>
        </spirit:wire>
        <spirit:vendorExtensions>
          <xilinx:portInfo>
            <xilinx:enablement>
              <xilinx:isEnabled>true</xilinx:isEnabled>
            </xilinx:enablement>
          </xilinx:portInfo>
        </spirit:vendorExtensions>
      </spirit:port>
      <spirit:port>
        <spirit:name>s_axi_arvalid</spirit:name>
        <spirit:wire>
          <spirit:direction>in</spirit:direction>
          <spirit:wireTypeDefs>
            <spirit:wireTypeDef>
              <spirit:typeName>std_logic</spirit:typeName>
              <spirit:viewNameRef>xilinx_vhdlsynthesis</spirit:viewNameRef>
            </spirit:wireTypeDef>
          </spirit:wireTypeDefs>
          <spirit:driver>
            <spirit:defaultValue spirit:bitStringLength="1">0</spirit:defaultValue>
          </spirit:driver>
        </spirit:wire>
        <spirit:vendorExtensions>
          <xilinx:portInfo>
            <xilinx:enablement>
              <xilinx:isEnabled>true</xilinx:isEnabled>
            </xilinx:enablement>
          </xilinx:portInfo>
        </spirit:vendorExtensions>
      </spirit:port>
      <spirit:port>
        <spirit:name>s_axi_arready</spirit:name>
        <spirit:wire>
          <spirit:direction>out</spirit:direction>
          <spirit:wireTypeDefs>
            <spirit:wireTypeDef>
              <spirit:typeName>std_logic</spirit:typeName>
              <spirit:viewNameRef>xilinx_vhdlsynthesis</spirit:viewNameRef>
            </spirit:wireTypeDef>
          </spirit:wireTypeDefs>
        </spirit:wire>
        <spirit:vendorExtensions>
          <xilinx:portInfo>
            <xilinx:enablement>
              <xilinx:isEnabled>true</xilinx:isEnabled>
            </xilinx:enablement>
          </xilinx:portInfo>
        </spirit:vendorExtensions>
      </spirit:port>
      <spirit:port>
        <spirit:name>s_axi_rdata</spirit:name>
        <spirit:wire>
          <spirit:direction>out</spirit:direction>
          <spirit:vector>
            <spirit:left>31</spirit:left>
            <spirit:right>0</spirit:right>
          </spirit:vector>
          <spirit:wireTypeDefs>
            <spirit:wireTypeDef>
              <spirit:typeName>std_logic_vector</spirit:typeName>
              <spirit:viewNameRef>xilinx_vhdlsynthesis</spirit:viewNameRef>
            </spirit:wireTypeDef>
          </spirit:wireTypeDefs>
        </spirit:wire>
        <spirit:vendorExtensions>
          <xilinx:portInfo>
            <xilinx:enablement>
              <xilinx:isEnabled>true</xilinx:isEnabled>
            </xilinx:enablement>
          </xilinx:portInfo>
        </spirit:vendorExtensions>
      </spirit:port>
      <spirit:port>
        <spirit:name>s_axi_rresp</spirit:name>
        <spirit:wire>
          <spirit:direction>out</spirit:direction>
          <spirit:vector>
            <spirit:left>1</spirit:left>
            <spirit:right>0</spirit:right>
          </spirit:vector>
          <spirit:wireTypeDefs>
            <spirit:wireTypeDef>
              <spirit:typeName>std_logic_vector</spirit:typeName>
              <spirit:viewNameRef>xilinx_vhdlsynthesis</spirit:viewNameRef>
            </spirit:wireTypeDef>
          </spirit:wireTypeDefs>
        </spirit:wire>
        <spirit:vendorExtensions>
          <xilinx:portInfo>
            <xilinx:enablement>
              <xilinx:isEnabled>true</xilinx:isEnabled>
            </xilinx:enablement>
          </xilinx:portInfo>
        </spirit:vendorExtensions>
      </spirit:port>
      <spirit:port>
        <spirit:name>s_axi_rvalid</spirit:name>
        <spirit:wire>
          <spirit:direction>out</spirit:direction>
          <spirit:wireTypeDefs>
            <spirit:wireTypeDef>
              <spirit:typeName>std_logic</spirit:typeName>
              <spirit:viewNameRef>xilinx_vhdlsynthesis</spirit:viewNameRef>
            </spirit:wireTypeDef>
          </spirit:wireTypeDefs>
        </spirit:wire>
        <spirit:vendorExtensions>
          <xilinx:portInfo>
            <xilinx:enablement>
              <xilinx:isEnabled>true</xilinx:isEnabled>
            </xilinx:enablement>
          </xilinx:portInfo>
        </spirit:vendorExtensions>
      </spirit:port>
      <spirit:port>
        <spirit:name>s_axi_rready</spirit:name>
        <spirit:wire>
          <spirit:direction>in</spirit:direction>
          <spirit:wireTypeDefs>
            <spirit:wireTypeDef>
              <spirit:typeName>std_logic</spirit:typeName>
              <spirit:viewNameRef>xilinx_vhdlsynthesis</spirit:viewNameRef>
            </spirit:wireTypeDef>
          </spirit:wireTypeDefs>
          <spirit:driver>
            <spirit:defaultValue spirit:bitStringLength="1">0</spirit:defaultValue>
          </spirit:driver>
        </spirit:wire>
        <spirit:vendorExtensions>
          <xilinx:portInfo>
            <xilinx:enablement>
              <xilinx:isEnabled>true</xilinx:isEnabled>
            </xilinx:enablement>
          </xilinx:portInfo>
        </spirit:vendorExtensions>
      </spirit:port>
      <spirit:port>
        <spirit:name>rx</spirit:name>
        <spirit:wire>
          <spirit:direction>in</spirit:direction>
          <spirit:wireTypeDefs>
            <spirit:wireTypeDef>
              <spirit:typeName>std_logic</spirit:typeName>
              <spirit:viewNameRef>xilinx_vhdlsynthesis</spirit:viewNameRef>
            </spirit:wireTypeDef>
          </spirit:wireTypeDefs>
          <spirit:driver>
            <spirit:defaultValue spirit:bitStringLength="1">0</spirit:defaultValue>
          </spirit:driver>
        </spirit:wire>
        <spirit:vendorExtensions>
          <xilinx:portInfo>
            <xilinx:enablement>
              <xilinx:isEnabled>true</xilinx:isEnabled>
            </xilinx:enablement>
          </xilinx:portInfo>
        </spirit:vendorExtensions>
      </spirit:port>
      <spirit:port>
        <spirit:name>tx</spirit:name>
        <spirit:wire>
          <spirit:direction>out</spirit:direction>
          <spirit:wireTypeDefs>
            <spirit:wireTypeDef>
              <spirit:typeName>std_logic</spirit:typeName>
              <spirit:viewNameRef>xilinx_vhdlsynthesis</spirit:viewNameRef>
            </spirit:wireTypeDef>
          </spirit:wireTypeDefs>
        </spirit:wire>
        <spirit:vendorExtensions>
          <xilinx:portInfo>
            <xilinx:enablement>
              <xilinx:isEnabled>true</xilinx:isEnabled>
            </xilinx:enablement>
          </xilinx:portInfo>
        </spirit:vendorExtensions>
      </spirit:port>
    </spirit:ports>
    <spirit:modelParameters>
      <spirit:modelParameter xsi:type="spirit:nameValueTypeType" spirit:dataType="string">
        <spirit:name>C_FAMILY</spirit:name>
        <spirit:value spirit:format="string" spirit:resolve="generated" spirit:id="MODELPARAM_VALUE.C_FAMILY">kintex7</spirit:value>
      </spirit:modelParameter>
      <spirit:modelParameter spirit:dataType="integer">
        <spirit:name>C_S_AXI_ACLK_FREQ_HZ</spirit:name>
        <spirit:displayName>AXI CLK Frequency</spirit:displayName>
        <spirit:value spirit:format="long" spirit:resolve="generated" spirit:id="MODELPARAM_VALUE.C_S_AXI_ACLK_FREQ_HZ">100000000</spirit:value>
      </spirit:modelParameter>
      <spirit:modelParameter spirit:dataType="integer">
        <spirit:name>C_S_AXI_ADDR_WIDTH</spirit:name>
        <spirit:displayName>C S Axi Addr Width</spirit:displayName>
        <spirit:value spirit:format="long" spirit:resolve="immediate" spirit:id="MODELPARAM_VALUE.C_S_AXI_ADDR_WIDTH">4</spirit:value>
      </spirit:modelParameter>
      <spirit:modelParameter spirit:dataType="integer">
        <spirit:name>C_S_AXI_DATA_WIDTH</spirit:name>
        <spirit:displayName>Axi Data Width</spirit:displayName>
        <spirit:value spirit:format="long" spirit:resolve="immediate" spirit:id="MODELPARAM_VALUE.C_S_AXI_DATA_WIDTH">32</spirit:value>
      </spirit:modelParameter>
      <spirit:modelParameter spirit:dataType="integer">
        <spirit:name>C_BAUDRATE</spirit:name>
        <spirit:displayName>Baudrate</spirit:displayName>
        <spirit:value spirit:format="long" spirit:resolve="generated" spirit:id="MODELPARAM_VALUE.C_BAUDRATE">9600</spirit:value>
      </spirit:modelParameter>
      <spirit:modelParameter spirit:dataType="integer">
        <spirit:name>C_DATA_BITS</spirit:name>
        <spirit:displayName>Data Bits</spirit:displayName>
        <spirit:value spirit:format="long" spirit:resolve="generated" spirit:id="MODELPARAM_VALUE.C_DATA_BITS" spirit:minimum="5" spirit:maximum="8">8</spirit:value>
      </spirit:modelParameter>
      <spirit:modelParameter spirit:dataType="integer">
        <spirit:name>C_USE_PARITY</spirit:name>
        <spirit:displayName>Use Parity</spirit:displayName>
        <spirit:value spirit:format="long" spirit:resolve="generated" spirit:id="MODELPARAM_VALUE.C_USE_PARITY" spirit:minimum="0" spirit:maximum="1">0</spirit:value>
      </spirit:modelParameter>
      <spirit:modelParameter spirit:dataType="integer">
        <spirit:name>C_ODD_PARITY</spirit:name>
        <spirit:displayName>Odd Parity</spirit:displayName>
        <spirit:value spirit:format="long" spirit:resolve="generated" spirit:id="MODELPARAM_VALUE.C_ODD_PARITY" spirit:minimum="0" spirit:maximum="1">0</spirit:value>
      </spirit:modelParameter>
    </spirit:modelParameters>
  </spirit:model>
  <spirit:choices>
    <spirit:choice>
      <spirit:name>choices_0</spirit:name>
      <spirit:enumeration spirit:text="110">110</spirit:enumeration>
      <spirit:enumeration spirit:text="300">300</spirit:enumeration>
      <spirit:enumeration spirit:text="1200">1200</spirit:enumeration>
      <spirit:enumeration spirit:text="2400">2400</spirit:enumeration>
      <spirit:enumeration spirit:text="4800">4800</spirit:enumeration>
      <spirit:enumeration spirit:text="9600">9600</spirit:enumeration>
      <spirit:enumeration spirit:text="19200">19200</spirit:enumeration>
      <spirit:enumeration spirit:text="38400">38400</spirit:enumeration>
      <spirit:enumeration spirit:text="57600">57600</spirit:enumeration>
      <spirit:enumeration spirit:text="115200">115200</spirit:enumeration>
      <spirit:enumeration spirit:text="128000">128000</spirit:enumeration>
      <spirit:enumeration spirit:text="230400">230400</spirit:enumeration>
      <spirit:enumeration spirit:text="460800">460800</spirit:enumeration>
      <spirit:enumeration spirit:text="921600">921600</spirit:enumeration>
    </spirit:choice>
    <spirit:choice>
      <spirit:name>choices_1</spirit:name>
      <spirit:enumeration spirit:text="No Parity">No_Parity</spirit:enumeration>
      <spirit:enumeration spirit:text="Odd">Odd</spirit:enumeration>
      <spirit:enumeration spirit:text="Even">Even</spirit:enumeration>
    </spirit:choice>
    <spirit:choice>
      <spirit:name>choices_2</spirit:name>
      <spirit:enumeration spirit:text="Custom">Custom</spirit:enumeration>
      <spirit:enumeration spirit:text="rs232 uart">rs232_uart</spirit:enumeration>
    </spirit:choice>
  </spirit:choices>
  <spirit:fileSets>
    <spirit:fileSet>
      <spirit:name>xilinx_vhdlsynthesis_view_fileset</spirit:name>
      <spirit:file>
        <spirit:name>KC705_EXAMPLE_axi_uartlite_0_0_ooc.xdc</spirit:name>
        <spirit:userFileType>xdc</spirit:userFileType>
        <spirit:userFileType>USED_IN_out_of_context</spirit:userFileType>
        <spirit:userFileType>USED_IN_synthesis</spirit:userFileType>
        <spirit:userFileType>USED_IN_implementation</spirit:userFileType>
      </spirit:file>
      <spirit:file>
        <spirit:name>KC705_EXAMPLE_axi_uartlite_0_0.xdc</spirit:name>
        <spirit:userFileType>xdc</spirit:userFileType>
      </spirit:file>
      <spirit:file>
        <spirit:name>../../../../ipshared/xilinx.com/axi_uartlite_v2_0/77438bd8/hdl/src/vhdl/uartlite_tx.vhd</spirit:name>
        <spirit:fileType>vhdlSource</spirit:fileType>
        <spirit:logicalName>axi_uartlite_v2_0</spirit:logicalName>
      </spirit:file>
      <spirit:file>
        <spirit:name>../../../../ipshared/xilinx.com/axi_uartlite_v2_0/77438bd8/hdl/src/vhdl/uartlite_rx.vhd</spirit:name>
        <spirit:fileType>vhdlSource</spirit:fileType>
        <spirit:logicalName>axi_uartlite_v2_0</spirit:logicalName>
      </spirit:file>
      <spirit:file>
        <spirit:name>../../../../ipshared/xilinx.com/axi_uartlite_v2_0/77438bd8/hdl/src/vhdl/baudrate.vhd</spirit:name>
        <spirit:fileType>vhdlSource</spirit:fileType>
        <spirit:logicalName>axi_uartlite_v2_0</spirit:logicalName>
      </spirit:file>
      <spirit:file>
        <spirit:name>../../../../ipshared/xilinx.com/axi_uartlite_v2_0/77438bd8/hdl/src/vhdl/uartlite_core.vhd</spirit:name>
        <spirit:fileType>vhdlSource</spirit:fileType>
        <spirit:logicalName>axi_uartlite_v2_0</spirit:logicalName>
      </spirit:file>
      <spirit:file>
        <spirit:name>../../../../ipshared/xilinx.com/axi_uartlite_v2_0/77438bd8/hdl/src/vhdl/axi_uartlite.vhd</spirit:name>
        <spirit:fileType>vhdlSource</spirit:fileType>
        <spirit:logicalName>axi_uartlite_v2_0</spirit:logicalName>
      </spirit:file>
    </spirit:fileSet>
    <spirit:fileSet>
      <spirit:name>xilinx_vhdlsynthesis_xilinx_com_ip_blk_mem_gen_8_2__ref_view_fileset</spirit:name>
      <spirit:file>
        <spirit:name>../../../../ipshared/xilinx.com/blk_mem_gen_v8_2/ebbf7913/hdl/blk_mem_gen_v8_2_synth_comp.vhd</spirit:name>
        <spirit:fileType>vhdlSource</spirit:fileType>
        <spirit:logicalName>blk_mem_gen_v8_2</spirit:logicalName>
      </spirit:file>
      <spirit:file>
        <spirit:name>../../../../ipshared/xilinx.com/blk_mem_gen_v8_2/ebbf7913/hdl/blk_mem_gen_v8_2_defaults.vhd</spirit:name>
        <spirit:fileType>vhdlSource</spirit:fileType>
        <spirit:logicalName>blk_mem_gen_v8_2</spirit:logicalName>
      </spirit:file>
      <spirit:file>
        <spirit:name>../../../../ipshared/xilinx.com/blk_mem_gen_v8_2/ebbf7913/hdl/blk_mem_gen_v8_2_pkg.vhd</spirit:name>
        <spirit:fileType>vhdlSource</spirit:fileType>
        <spirit:logicalName>blk_mem_gen_v8_2</spirit:logicalName>
      </spirit:file>
      <spirit:file>
        <spirit:name>../../../../ipshared/xilinx.com/blk_mem_gen_v8_2/ebbf7913/hdl/blk_mem_gen_getinit_pkg.vhd</spirit:name>
        <spirit:fileType>vhdlSource</spirit:fileType>
        <spirit:logicalName>blk_mem_gen_v8_2</spirit:logicalName>
      </spirit:file>
      <spirit:file>
        <spirit:name>../../../../ipshared/xilinx.com/blk_mem_gen_v8_2/ebbf7913/hdl/blk_mem_min_area_pkg.vhd</spirit:name>
        <spirit:fileType>vhdlSource</spirit:fileType>
        <spirit:logicalName>blk_mem_gen_v8_2</spirit:logicalName>
      </spirit:file>
      <spirit:file>
        <spirit:name>../../../../ipshared/xilinx.com/blk_mem_gen_v8_2/ebbf7913/hdl/blk_mem_gen_bindec.vhd</spirit:name>
        <spirit:fileType>vhdlSource</spirit:fileType>
        <spirit:logicalName>blk_mem_gen_v8_2</spirit:logicalName>
      </spirit:file>
      <spirit:file>
        <spirit:name>../../../../ipshared/xilinx.com/blk_mem_gen_v8_2/ebbf7913/hdl/blk_mem_gen_mux.vhd</spirit:name>
        <spirit:fileType>vhdlSource</spirit:fileType>
        <spirit:logicalName>blk_mem_gen_v8_2</spirit:logicalName>
      </spirit:file>
      <spirit:file>
        <spirit:name>../../../../ipshared/xilinx.com/blk_mem_gen_v8_2/ebbf7913/hdl/blk_mem_gen_prim_wrapper.vhd</spirit:name>
        <spirit:fileType>vhdlSource</spirit:fileType>
        <spirit:logicalName>blk_mem_gen_v8_2</spirit:logicalName>
      </spirit:file>
      <spirit:file>
        <spirit:name>../../../../ipshared/xilinx.com/blk_mem_gen_v8_2/ebbf7913/hdl/blk_mem_gen_prim_wrapper_init.vhd</spirit:name>
        <spirit:fileType>vhdlSource</spirit:fileType>
        <spirit:logicalName>blk_mem_gen_v8_2</spirit:logicalName>
      </spirit:file>
      <spirit:file>
        <spirit:name>../../../../ipshared/xilinx.com/blk_mem_gen_v8_2/ebbf7913/hdl/blk_mem_gen_prim_width.vhd</spirit:name>
        <spirit:fileType>vhdlSource</spirit:fileType>
        <spirit:logicalName>blk_mem_gen_v8_2</spirit:logicalName>
      </spirit:file>
      <spirit:file>
        <spirit:name>../../../../ipshared/xilinx.com/blk_mem_gen_v8_2/ebbf7913/hdl/blk_mem_gen_generic_cstr.vhd</spirit:name>
        <spirit:fileType>vhdlSource</spirit:fileType>
        <spirit:logicalName>blk_mem_gen_v8_2</spirit:logicalName>
      </spirit:file>
      <spirit:file>
        <spirit:name>../../../../ipshared/xilinx.com/blk_mem_gen_v8_2/ebbf7913/hdl/blk_mem_gen_ecc_encoder.vhd</spirit:name>
        <spirit:fileType>vhdlSource</spirit:fileType>
        <spirit:logicalName>blk_mem_gen_v8_2</spirit:logicalName>
      </spirit:file>
      <spirit:file>
        <spirit:name>../../../../ipshared/xilinx.com/blk_mem_gen_v8_2/ebbf7913/hdl/blk_mem_gen_ecc_decoder.vhd</spirit:name>
        <spirit:fileType>vhdlSource</spirit:fileType>
        <spirit:logicalName>blk_mem_gen_v8_2</spirit:logicalName>
      </spirit:file>
      <spirit:file>
        <spirit:name>../../../../ipshared/xilinx.com/blk_mem_gen_v8_2/ebbf7913/hdl/blk_mem_input_block.vhd</spirit:name>
        <spirit:fileType>vhdlSource</spirit:fileType>
        <spirit:logicalName>blk_mem_gen_v8_2</spirit:logicalName>
      </spirit:file>
      <spirit:file>
        <spirit:name>../../../../ipshared/xilinx.com/blk_mem_gen_v8_2/ebbf7913/hdl/blk_mem_output_block.vhd</spirit:name>
        <spirit:fileType>vhdlSource</spirit:fileType>
        <spirit:logicalName>blk_mem_gen_v8_2</spirit:logicalName>
      </spirit:file>
      <spirit:file>
        <spirit:name>../../../../ipshared/xilinx.com/blk_mem_gen_v8_2/ebbf7913/hdl/blk_mem_axi_read_fsm.vhd</spirit:name>
        <spirit:fileType>vhdlSource</spirit:fileType>
        <spirit:logicalName>blk_mem_gen_v8_2</spirit:logicalName>
      </spirit:file>
      <spirit:file>
        <spirit:name>../../../../ipshared/xilinx.com/blk_mem_gen_v8_2/ebbf7913/hdl/blk_mem_axi_read_wrapper.vhd</spirit:name>
        <spirit:fileType>vhdlSource</spirit:fileType>
        <spirit:logicalName>blk_mem_gen_v8_2</spirit:logicalName>
      </spirit:file>
      <spirit:file>
        <spirit:name>../../../../ipshared/xilinx.com/blk_mem_gen_v8_2/ebbf7913/hdl/blk_mem_axi_write_fsm.vhd</spirit:name>
        <spirit:fileType>vhdlSource</spirit:fileType>
        <spirit:logicalName>blk_mem_gen_v8_2</spirit:logicalName>
      </spirit:file>
      <spirit:file>
        <spirit:name>../../../../ipshared/xilinx.com/blk_mem_gen_v8_2/ebbf7913/hdl/blk_mem_axi_write_wrapper.vhd</spirit:name>
        <spirit:fileType>vhdlSource</spirit:fileType>
        <spirit:logicalName>blk_mem_gen_v8_2</spirit:logicalName>
      </spirit:file>
      <spirit:file>
        <spirit:name>../../../../ipshared/xilinx.com/blk_mem_gen_v8_2/ebbf7913/hdl/blk_mem_axi_regs_fwd.vhd</spirit:name>
        <spirit:fileType>vhdlSource</spirit:fileType>
        <spirit:logicalName>blk_mem_gen_v8_2</spirit:logicalName>
      </spirit:file>
      <spirit:file>
        <spirit:name>../../../../ipshared/xilinx.com/blk_mem_gen_v8_2/ebbf7913/hdl/blk_mem_gen_top.vhd</spirit:name>
        <spirit:fileType>vhdlSource</spirit:fileType>
        <spirit:logicalName>blk_mem_gen_v8_2</spirit:logicalName>
      </spirit:file>
      <spirit:file>
        <spirit:name>../../../../ipshared/xilinx.com/blk_mem_gen_v8_2/ebbf7913/hdl/blk_mem_gen_v8_2_synth.vhd</spirit:name>
        <spirit:fileType>vhdlSource</spirit:fileType>
        <spirit:logicalName>blk_mem_gen_v8_2</spirit:logicalName>
      </spirit:file>
      <spirit:file>
        <spirit:name>../../../../ipshared/xilinx.com/blk_mem_gen_v8_2/ebbf7913/hdl/blk_mem_gen_v8_2.vhd</spirit:name>
        <spirit:fileType>vhdlSource</spirit:fileType>
        <spirit:logicalName>blk_mem_gen_v8_2</spirit:logicalName>
      </spirit:file>
      <spirit:vendorExtensions>
        <xilinx:subCoreRef>
          <xilinx:componentRef xilinx:vendor="xilinx.com" xilinx:library="ip" xilinx:name="blk_mem_gen" xilinx:version="8.2" xilinx:isGenerated="true" xilinx:checksum="3b19c4c4">
            <xilinx:mode xilinx:name="copy_mode"/>
          </xilinx:componentRef>
        </xilinx:subCoreRef>
      </spirit:vendorExtensions>
    </spirit:fileSet>
    <spirit:fileSet>
      <spirit:name>xilinx_vhdlsynthesis_xilinx_com_ip_fifo_generator_12_0__ref_view_fileset</spirit:name>
      <spirit:file>
        <spirit:name>../../../../ipshared/xilinx.com/fifo_generator_v12_0/8b540c64/hdl/fifo_generator_v12_0_pkg.vhd</spirit:name>
        <spirit:fileType>vhdlSource</spirit:fileType>
        <spirit:logicalName>fifo_generator_v12_0</spirit:logicalName>
      </spirit:file>
      <spirit:file>
        <spirit:name>../../../../ipshared/xilinx.com/fifo_generator_v12_0/8b540c64/hdl/fifo_generator_v12_0_defaults.vhd</spirit:name>
        <spirit:fileType>vhdlSource</spirit:fileType>
        <spirit:logicalName>fifo_generator_v12_0</spirit:logicalName>
      </spirit:file>
      <spirit:file>
        <spirit:name>../../../../ipshared/xilinx.com/fifo_generator_v12_0/8b540c64/hdl/ramfifo/bram_sync_reg.vhd</spirit:name>
        <spirit:fileType>vhdlSource</spirit:fileType>
        <spirit:logicalName>fifo_generator_v12_0</spirit:logicalName>
      </spirit:file>
      <spirit:file>
        <spirit:name>../../../../ipshared/xilinx.com/fifo_generator_v12_0/8b540c64/hdl/ramfifo/bram_fifo_rstlogic.vhd</spirit:name>
        <spirit:fileType>vhdlSource</spirit:fileType>
        <spirit:logicalName>fifo_generator_v12_0</spirit:logicalName>
      </spirit:file>
      <spirit:file>
        <spirit:name>../../../../ipshared/xilinx.com/fifo_generator_v12_0/8b540c64/hdl/common/input_blk.vhd</spirit:name>
        <spirit:fileType>vhdlSource</spirit:fileType>
        <spirit:logicalName>fifo_generator_v12_0</spirit:logicalName>
      </spirit:file>
      <spirit:file>
        <spirit:name>../../../../ipshared/xilinx.com/fifo_generator_v12_0/8b540c64/hdl/common/output_blk.vhd</spirit:name>
        <spirit:fileType>vhdlSource</spirit:fileType>
        <spirit:logicalName>fifo_generator_v12_0</spirit:logicalName>
      </spirit:file>
      <spirit:file>
        <spirit:name>../../../../ipshared/xilinx.com/fifo_generator_v12_0/8b540c64/hdl/common/synchronizer_ff.vhd</spirit:name>
        <spirit:fileType>vhdlSource</spirit:fileType>
        <spirit:logicalName>fifo_generator_v12_0</spirit:logicalName>
      </spirit:file>
      <spirit:file>
        <spirit:name>../../../../ipshared/xilinx.com/fifo_generator_v12_0/8b540c64/hdl/common/shft_wrapper.vhd</spirit:name>
        <spirit:fileType>vhdlSource</spirit:fileType>
        <spirit:logicalName>fifo_generator_v12_0</spirit:logicalName>
      </spirit:file>
      <spirit:file>
        <spirit:name>../../../../ipshared/xilinx.com/fifo_generator_v12_0/8b540c64/hdl/common/shft_ram.vhd</spirit:name>
        <spirit:fileType>vhdlSource</spirit:fileType>
        <spirit:logicalName>fifo_generator_v12_0</spirit:logicalName>
      </spirit:file>
      <spirit:file>
        <spirit:name>../../../../ipshared/xilinx.com/fifo_generator_v12_0/8b540c64/hdl/ramfifo/dmem.vhd</spirit:name>
        <spirit:fileType>vhdlSource</spirit:fileType>
        <spirit:logicalName>fifo_generator_v12_0</spirit:logicalName>
      </spirit:file>
      <spirit:file>
        <spirit:name>../../../../ipshared/xilinx.com/fifo_generator_v12_0/8b540c64/hdl/ramfifo/memory.vhd</spirit:name>
        <spirit:fileType>vhdlSource</spirit:fileType>
        <spirit:logicalName>fifo_generator_v12_0</spirit:logicalName>
      </spirit:file>
      <spirit:file>
        <spirit:name>../../../../ipshared/xilinx.com/fifo_generator_v12_0/8b540c64/hdl/ramfifo/compare.vhd</spirit:name>
        <spirit:fileType>vhdlSource</spirit:fileType>
        <spirit:logicalName>fifo_generator_v12_0</spirit:logicalName>
      </spirit:file>
      <spirit:file>
        <spirit:name>../../../../ipshared/xilinx.com/fifo_generator_v12_0/8b540c64/hdl/ramfifo/wr_bin_cntr.vhd</spirit:name>
        <spirit:fileType>vhdlSource</spirit:fileType>
        <spirit:logicalName>fifo_generator_v12_0</spirit:logicalName>
      </spirit:file>
      <spirit:file>
        <spirit:name>../../../../ipshared/xilinx.com/fifo_generator_v12_0/8b540c64/hdl/ramfifo/rd_bin_cntr.vhd</spirit:name>
        <spirit:fileType>vhdlSource</spirit:fileType>
        <spirit:logicalName>fifo_generator_v12_0</spirit:logicalName>
      </spirit:file>
      <spirit:file>
        <spirit:name>../../../../ipshared/xilinx.com/fifo_generator_v12_0/8b540c64/hdl/ramfifo/updn_cntr.vhd</spirit:name>
        <spirit:fileType>vhdlSource</spirit:fileType>
        <spirit:logicalName>fifo_generator_v12_0</spirit:logicalName>
      </spirit:file>
      <spirit:file>
        <spirit:name>../../../../ipshared/xilinx.com/fifo_generator_v12_0/8b540c64/hdl/ramfifo/rd_status_flags_as.vhd</spirit:name>
        <spirit:fileType>vhdlSource</spirit:fileType>
        <spirit:logicalName>fifo_generator_v12_0</spirit:logicalName>
      </spirit:file>
      <spirit:file>
        <spirit:name>../../../../ipshared/xilinx.com/fifo_generator_v12_0/8b540c64/hdl/ramfifo/rd_status_flags_ss.vhd</spirit:name>
        <spirit:fileType>vhdlSource</spirit:fileType>
        <spirit:logicalName>fifo_generator_v12_0</spirit:logicalName>
      </spirit:file>
      <spirit:file>
        <spirit:name>../../../../ipshared/xilinx.com/fifo_generator_v12_0/8b540c64/hdl/common/rd_pe_as.vhd</spirit:name>
        <spirit:fileType>vhdlSource</spirit:fileType>
        <spirit:logicalName>fifo_generator_v12_0</spirit:logicalName>
      </spirit:file>
      <spirit:file>
        <spirit:name>../../../../ipshared/xilinx.com/fifo_generator_v12_0/8b540c64/hdl/common/rd_pe_ss.vhd</spirit:name>
        <spirit:fileType>vhdlSource</spirit:fileType>
        <spirit:logicalName>fifo_generator_v12_0</spirit:logicalName>
      </spirit:file>
      <spirit:file>
        <spirit:name>../../../../ipshared/xilinx.com/fifo_generator_v12_0/8b540c64/hdl/ramfifo/rd_handshaking_flags.vhd</spirit:name>
        <spirit:fileType>vhdlSource</spirit:fileType>
        <spirit:logicalName>fifo_generator_v12_0</spirit:logicalName>
      </spirit:file>
      <spirit:file>
        <spirit:name>../../../../ipshared/xilinx.com/fifo_generator_v12_0/8b540c64/hdl/ramfifo/rd_dc_as.vhd</spirit:name>
        <spirit:fileType>vhdlSource</spirit:fileType>
        <spirit:logicalName>fifo_generator_v12_0</spirit:logicalName>
      </spirit:file>
      <spirit:file>
        <spirit:name>../../../../ipshared/xilinx.com/fifo_generator_v12_0/8b540c64/hdl/ramfifo/rd_dc_fwft_ext_as.vhd</spirit:name>
        <spirit:fileType>vhdlSource</spirit:fileType>
        <spirit:logicalName>fifo_generator_v12_0</spirit:logicalName>
      </spirit:file>
      <spirit:file>
        <spirit:name>../../../../ipshared/xilinx.com/fifo_generator_v12_0/8b540c64/hdl/ramfifo/dc_ss_fwft.vhd</spirit:name>
        <spirit:fileType>vhdlSource</spirit:fileType>
        <spirit:logicalName>fifo_generator_v12_0</spirit:logicalName>
      </spirit:file>
      <spirit:file>
        <spirit:name>../../../../ipshared/xilinx.com/fifo_generator_v12_0/8b540c64/hdl/ramfifo/rd_fwft.vhd</spirit:name>
        <spirit:fileType>vhdlSource</spirit:fileType>
        <spirit:logicalName>fifo_generator_v12_0</spirit:logicalName>
      </spirit:file>
      <spirit:file>
        <spirit:name>../../../../ipshared/xilinx.com/fifo_generator_v12_0/8b540c64/hdl/ramfifo/rd_logic_pkt_fifo.vhd</spirit:name>
        <spirit:fileType>vhdlSource</spirit:fileType>
        <spirit:logicalName>fifo_generator_v12_0</spirit:logicalName>
      </spirit:file>
      <spirit:file>
        <spirit:name>../../../../ipshared/xilinx.com/fifo_generator_v12_0/8b540c64/hdl/ramfifo/reset_blk_ramfifo.vhd</spirit:name>
        <spirit:fileType>vhdlSource</spirit:fileType>
        <spirit:logicalName>fifo_generator_v12_0</spirit:logicalName>
      </spirit:file>
      <spirit:file>
        <spirit:name>../../../../ipshared/xilinx.com/fifo_generator_v12_0/8b540c64/hdl/ramfifo/clk_x_pntrs.vhd</spirit:name>
        <spirit:fileType>vhdlSource</spirit:fileType>
        <spirit:logicalName>fifo_generator_v12_0</spirit:logicalName>
      </spirit:file>
      <spirit:file>
        <spirit:name>../../../../ipshared/xilinx.com/fifo_generator_v12_0/8b540c64/hdl/ramfifo/wr_status_flags_as.vhd</spirit:name>
        <spirit:fileType>vhdlSource</spirit:fileType>
        <spirit:logicalName>fifo_generator_v12_0</spirit:logicalName>
      </spirit:file>
      <spirit:file>
        <spirit:name>../../../../ipshared/xilinx.com/fifo_generator_v12_0/8b540c64/hdl/ramfifo/wr_status_flags_ss.vhd</spirit:name>
        <spirit:fileType>vhdlSource</spirit:fileType>
        <spirit:logicalName>fifo_generator_v12_0</spirit:logicalName>
      </spirit:file>
      <spirit:file>
        <spirit:name>../../../../ipshared/xilinx.com/fifo_generator_v12_0/8b540c64/hdl/common/wr_pf_as.vhd</spirit:name>
        <spirit:fileType>vhdlSource</spirit:fileType>
        <spirit:logicalName>fifo_generator_v12_0</spirit:logicalName>
      </spirit:file>
      <spirit:file>
        <spirit:name>../../../../ipshared/xilinx.com/fifo_generator_v12_0/8b540c64/hdl/common/wr_pf_ss.vhd</spirit:name>
        <spirit:fileType>vhdlSource</spirit:fileType>
        <spirit:logicalName>fifo_generator_v12_0</spirit:logicalName>
      </spirit:file>
      <spirit:file>
        <spirit:name>../../../../ipshared/xilinx.com/fifo_generator_v12_0/8b540c64/hdl/ramfifo/wr_handshaking_flags.vhd</spirit:name>
        <spirit:fileType>vhdlSource</spirit:fileType>
        <spirit:logicalName>fifo_generator_v12_0</spirit:logicalName>
      </spirit:file>
      <spirit:file>
        <spirit:name>../../../../ipshared/xilinx.com/fifo_generator_v12_0/8b540c64/hdl/ramfifo/wr_dc_as.vhd</spirit:name>
        <spirit:fileType>vhdlSource</spirit:fileType>
        <spirit:logicalName>fifo_generator_v12_0</spirit:logicalName>
      </spirit:file>
      <spirit:file>
        <spirit:name>../../../../ipshared/xilinx.com/fifo_generator_v12_0/8b540c64/hdl/ramfifo/wr_dc_fwft_ext_as.vhd</spirit:name>
        <spirit:fileType>vhdlSource</spirit:fileType>
        <spirit:logicalName>fifo_generator_v12_0</spirit:logicalName>
      </spirit:file>
      <spirit:file>
        <spirit:name>../../../../ipshared/xilinx.com/fifo_generator_v12_0/8b540c64/hdl/ramfifo/dc_ss.vhd</spirit:name>
        <spirit:fileType>vhdlSource</spirit:fileType>
        <spirit:logicalName>fifo_generator_v12_0</spirit:logicalName>
      </spirit:file>
      <spirit:file>
        <spirit:name>../../../../ipshared/xilinx.com/fifo_generator_v12_0/8b540c64/hdl/ramfifo/wr_logic.vhd</spirit:name>
        <spirit:fileType>vhdlSource</spirit:fileType>
        <spirit:logicalName>fifo_generator_v12_0</spirit:logicalName>
      </spirit:file>
      <spirit:file>
        <spirit:name>../../../../ipshared/xilinx.com/fifo_generator_v12_0/8b540c64/hdl/ramfifo/wr_logic_pkt_fifo.vhd</spirit:name>
        <spirit:fileType>vhdlSource</spirit:fileType>
        <spirit:logicalName>fifo_generator_v12_0</spirit:logicalName>
      </spirit:file>
      <spirit:file>
        <spirit:name>../../../../ipshared/xilinx.com/fifo_generator_v12_0/8b540c64/hdl/ramfifo/wr_status_flags_sshft.vhd</spirit:name>
        <spirit:fileType>vhdlSource</spirit:fileType>
        <spirit:logicalName>fifo_generator_v12_0</spirit:logicalName>
      </spirit:file>
      <spirit:file>
        <spirit:name>../../../../ipshared/xilinx.com/fifo_generator_v12_0/8b540c64/hdl/ramfifo/rd_status_flags_sshft.vhd</spirit:name>
        <spirit:fileType>vhdlSource</spirit:fileType>
        <spirit:logicalName>fifo_generator_v12_0</spirit:logicalName>
      </spirit:file>
      <spirit:file>
        <spirit:name>../../../../ipshared/xilinx.com/fifo_generator_v12_0/8b540c64/hdl/ramfifo/wr_pf_sshft.vhd</spirit:name>
        <spirit:fileType>vhdlSource</spirit:fileType>
        <spirit:logicalName>fifo_generator_v12_0</spirit:logicalName>
      </spirit:file>
      <spirit:file>
        <spirit:name>../../../../ipshared/xilinx.com/fifo_generator_v12_0/8b540c64/hdl/ramfifo/rd_pe_sshft.vhd</spirit:name>
        <spirit:fileType>vhdlSource</spirit:fileType>
        <spirit:logicalName>fifo_generator_v12_0</spirit:logicalName>
      </spirit:file>
      <spirit:file>
        <spirit:name>../../../../ipshared/xilinx.com/fifo_generator_v12_0/8b540c64/hdl/ramfifo/logic_sshft.vhd</spirit:name>
        <spirit:fileType>vhdlSource</spirit:fileType>
        <spirit:logicalName>fifo_generator_v12_0</spirit:logicalName>
      </spirit:file>
      <spirit:file>
        <spirit:name>../../../../ipshared/xilinx.com/fifo_generator_v12_0/8b540c64/hdl/ramfifo/async_fifo.vhd</spirit:name>
        <spirit:fileType>vhdlSource</spirit:fileType>
        <spirit:logicalName>fifo_generator_v12_0</spirit:logicalName>
      </spirit:file>
      <spirit:file>
        <spirit:name>../../../../ipshared/xilinx.com/fifo_generator_v12_0/8b540c64/hdl/ramfifo/rd_logic.vhd</spirit:name>
        <spirit:fileType>vhdlSource</spirit:fileType>
        <spirit:logicalName>fifo_generator_v12_0</spirit:logicalName>
      </spirit:file>
      <spirit:file>
        <spirit:name>../../../../ipshared/xilinx.com/fifo_generator_v12_0/8b540c64/hdl/ramfifo/fifo_generator_ramfifo.vhd</spirit:name>
        <spirit:fileType>vhdlSource</spirit:fileType>
        <spirit:logicalName>fifo_generator_v12_0</spirit:logicalName>
      </spirit:file>
      <spirit:file>
        <spirit:name>../../../../ipshared/xilinx.com/fifo_generator_v12_0/8b540c64/hdl/builtin/fifo_generator_v12_0_comps_builtin.vhd</spirit:name>
        <spirit:fileType>vhdlSource</spirit:fileType>
        <spirit:logicalName>fifo_generator_v12_0</spirit:logicalName>
      </spirit:file>
      <spirit:file>
        <spirit:name>../../../../ipshared/xilinx.com/fifo_generator_v12_0/8b540c64/hdl/builtin/delay.vhd</spirit:name>
        <spirit:fileType>vhdlSource</spirit:fileType>
        <spirit:logicalName>fifo_generator_v12_0</spirit:logicalName>
      </spirit:file>
      <spirit:file>
        <spirit:name>../../../../ipshared/xilinx.com/fifo_generator_v12_0/8b540c64/hdl/builtin/clk_x_pntrs_builtin.vhd</spirit:name>
        <spirit:fileType>vhdlSource</spirit:fileType>
        <spirit:logicalName>fifo_generator_v12_0</spirit:logicalName>
      </spirit:file>
      <spirit:file>
        <spirit:name>../../../../ipshared/xilinx.com/fifo_generator_v12_0/8b540c64/hdl/builtin/bin_cntr.vhd</spirit:name>
        <spirit:fileType>vhdlSource</spirit:fileType>
        <spirit:logicalName>fifo_generator_v12_0</spirit:logicalName>
      </spirit:file>
      <spirit:file>
        <spirit:name>../../../../ipshared/xilinx.com/fifo_generator_v12_0/8b540c64/hdl/builtin/logic_builtin.vhd</spirit:name>
        <spirit:fileType>vhdlSource</spirit:fileType>
        <spirit:logicalName>fifo_generator_v12_0</spirit:logicalName>
      </spirit:file>
      <spirit:file>
        <spirit:name>../../../../ipshared/xilinx.com/fifo_generator_v12_0/8b540c64/hdl/builtin/reset_builtin.vhd</spirit:name>
        <spirit:fileType>vhdlSource</spirit:fileType>
        <spirit:logicalName>fifo_generator_v12_0</spirit:logicalName>
      </spirit:file>
      <spirit:file>
        <spirit:name>../../../../ipshared/xilinx.com/fifo_generator_v12_0/8b540c64/hdl/builtin/builtin_prim.vhd</spirit:name>
        <spirit:fileType>vhdlSource</spirit:fileType>
        <spirit:logicalName>fifo_generator_v12_0</spirit:logicalName>
      </spirit:file>
      <spirit:file>
        <spirit:name>../../../../ipshared/xilinx.com/fifo_generator_v12_0/8b540c64/hdl/builtin/builtin_extdepth.vhd</spirit:name>
        <spirit:fileType>vhdlSource</spirit:fileType>
        <spirit:logicalName>fifo_generator_v12_0</spirit:logicalName>
      </spirit:file>
      <spirit:file>
        <spirit:name>../../../../ipshared/xilinx.com/fifo_generator_v12_0/8b540c64/hdl/builtin/builtin_top.vhd</spirit:name>
        <spirit:fileType>vhdlSource</spirit:fileType>
        <spirit:logicalName>fifo_generator_v12_0</spirit:logicalName>
      </spirit:file>
      <spirit:file>
        <spirit:name>../../../../ipshared/xilinx.com/fifo_generator_v12_0/8b540c64/hdl/builtin/builtin_prim_v6.vhd</spirit:name>
        <spirit:fileType>vhdlSource</spirit:fileType>
        <spirit:logicalName>fifo_generator_v12_0</spirit:logicalName>
      </spirit:file>
      <spirit:file>
        <spirit:name>../../../../ipshared/xilinx.com/fifo_generator_v12_0/8b540c64/hdl/builtin/builtin_extdepth_v6.vhd</spirit:name>
        <spirit:fileType>vhdlSource</spirit:fileType>
        <spirit:logicalName>fifo_generator_v12_0</spirit:logicalName>
      </spirit:file>
      <spirit:file>
        <spirit:name>../../../../ipshared/xilinx.com/fifo_generator_v12_0/8b540c64/hdl/builtin/builtin_extdepth_low_latency.vhd</spirit:name>
        <spirit:fileType>vhdlSource</spirit:fileType>
        <spirit:logicalName>fifo_generator_v12_0</spirit:logicalName>
      </spirit:file>
      <spirit:file>
        <spirit:name>../../../../ipshared/xilinx.com/fifo_generator_v12_0/8b540c64/hdl/builtin/builtin_top_v6.vhd</spirit:name>
        <spirit:fileType>vhdlSource</spirit:fileType>
        <spirit:logicalName>fifo_generator_v12_0</spirit:logicalName>
      </spirit:file>
      <spirit:file>
        <spirit:name>../../../../ipshared/xilinx.com/fifo_generator_v12_0/8b540c64/hdl/builtin/fifo_generator_v12_0_builtin.vhd</spirit:name>
        <spirit:fileType>vhdlSource</spirit:fileType>
        <spirit:logicalName>fifo_generator_v12_0</spirit:logicalName>
      </spirit:file>
      <spirit:file>
        <spirit:name>../../../../ipshared/xilinx.com/fifo_generator_v12_0/8b540c64/hdl/fifo_generator_top.vhd</spirit:name>
        <spirit:fileType>vhdlSource</spirit:fileType>
        <spirit:logicalName>fifo_generator_v12_0</spirit:logicalName>
      </spirit:file>
      <spirit:file>
        <spirit:name>../../../../ipshared/xilinx.com/fifo_generator_v12_0/8b540c64/hdl/ramfifo/axi_reg_slice.vhd</spirit:name>
        <spirit:fileType>vhdlSource</spirit:fileType>
        <spirit:logicalName>fifo_generator_v12_0</spirit:logicalName>
      </spirit:file>
      <spirit:file>
        <spirit:name>../../../../ipshared/xilinx.com/fifo_generator_v12_0/8b540c64/hdl/fifo_generator_v12_0_synth.vhd</spirit:name>
        <spirit:fileType>vhdlSource</spirit:fileType>
        <spirit:logicalName>fifo_generator_v12_0</spirit:logicalName>
      </spirit:file>
      <spirit:file>
        <spirit:name>../../../../ipshared/xilinx.com/fifo_generator_v12_0/8b540c64/hdl/fifo_generator_v12_0.vhd</spirit:name>
        <spirit:fileType>vhdlSource</spirit:fileType>
        <spirit:logicalName>fifo_generator_v12_0</spirit:logicalName>
      </spirit:file>
      <spirit:vendorExtensions>
        <xilinx:subCoreRef>
          <xilinx:componentRef xilinx:vendor="xilinx.com" xilinx:library="ip" xilinx:name="fifo_generator" xilinx:version="12.0" xilinx:isGenerated="true" xilinx:checksum="5804ec94">
            <xilinx:mode xilinx:name="copy_mode"/>
          </xilinx:componentRef>
        </xilinx:subCoreRef>
      </spirit:vendorExtensions>
    </spirit:fileSet>
    <spirit:fileSet>
      <spirit:name>xilinx_vhdlsynthesis_xilinx_com_ip_proc_common_4_0__ref_view_fileset</spirit:name>
      <spirit:file>
        <spirit:name>../../../../ipshared/xilinx.com/proc_common_v4_0/e2794af0/hdl/src/vhdl/family.vhd</spirit:name>
        <spirit:fileType>vhdlSource</spirit:fileType>
        <spirit:logicalName>proc_common_v4_0</spirit:logicalName>
      </spirit:file>
      <spirit:file>
        <spirit:name>../../../../ipshared/xilinx.com/proc_common_v4_0/e2794af0/hdl/src/vhdl/family_support.vhd</spirit:name>
        <spirit:fileType>vhdlSource</spirit:fileType>
        <spirit:logicalName>proc_common_v4_0</spirit:logicalName>
      </spirit:file>
      <spirit:file>
        <spirit:name>../../../../ipshared/xilinx.com/proc_common_v4_0/e2794af0/hdl/src/vhdl/coregen_comp_defs.vhd</spirit:name>
        <spirit:fileType>vhdlSource</spirit:fileType>
        <spirit:logicalName>proc_common_v4_0</spirit:logicalName>
      </spirit:file>
      <spirit:file>
        <spirit:name>../../../../ipshared/xilinx.com/proc_common_v4_0/e2794af0/hdl/src/vhdl/common_types_pkg.vhd</spirit:name>
        <spirit:fileType>vhdlSource</spirit:fileType>
        <spirit:logicalName>proc_common_v4_0</spirit:logicalName>
      </spirit:file>
      <spirit:file>
        <spirit:name>../../../../ipshared/xilinx.com/proc_common_v4_0/e2794af0/hdl/src/vhdl/proc_common_pkg.vhd</spirit:name>
        <spirit:fileType>vhdlSource</spirit:fileType>
        <spirit:logicalName>proc_common_v4_0</spirit:logicalName>
      </spirit:file>
      <spirit:file>
        <spirit:name>../../../../ipshared/xilinx.com/proc_common_v4_0/e2794af0/hdl/src/vhdl/conv_funs_pkg.vhd</spirit:name>
        <spirit:fileType>vhdlSource</spirit:fileType>
        <spirit:logicalName>proc_common_v4_0</spirit:logicalName>
      </spirit:file>
      <spirit:file>
        <spirit:name>../../../../ipshared/xilinx.com/proc_common_v4_0/e2794af0/hdl/src/vhdl/ipif_pkg.vhd</spirit:name>
        <spirit:fileType>vhdlSource</spirit:fileType>
        <spirit:logicalName>proc_common_v4_0</spirit:logicalName>
      </spirit:file>
      <spirit:file>
        <spirit:name>../../../../ipshared/xilinx.com/proc_common_v4_0/e2794af0/hdl/src/vhdl/async_fifo_fg.vhd</spirit:name>
        <spirit:fileType>vhdlSource</spirit:fileType>
        <spirit:logicalName>proc_common_v4_0</spirit:logicalName>
      </spirit:file>
      <spirit:file>
        <spirit:name>../../../../ipshared/xilinx.com/proc_common_v4_0/e2794af0/hdl/src/vhdl/sync_fifo_fg.vhd</spirit:name>
        <spirit:fileType>vhdlSource</spirit:fileType>
        <spirit:logicalName>proc_common_v4_0</spirit:logicalName>
      </spirit:file>
      <spirit:file>
        <spirit:name>../../../../ipshared/xilinx.com/proc_common_v4_0/e2794af0/hdl/src/vhdl/basic_sfifo_fg.vhd</spirit:name>
        <spirit:fileType>vhdlSource</spirit:fileType>
        <spirit:logicalName>proc_common_v4_0</spirit:logicalName>
      </spirit:file>
      <spirit:file>
        <spirit:name>../../../../ipshared/xilinx.com/proc_common_v4_0/e2794af0/hdl/src/vhdl/blk_mem_gen_wrapper.vhd</spirit:name>
        <spirit:fileType>vhdlSource</spirit:fileType>
        <spirit:logicalName>proc_common_v4_0</spirit:logicalName>
      </spirit:file>
      <spirit:file>
        <spirit:name>../../../../ipshared/xilinx.com/proc_common_v4_0/e2794af0/hdl/src/vhdl/addsub.vhd</spirit:name>
        <spirit:fileType>vhdlSource</spirit:fileType>
        <spirit:logicalName>proc_common_v4_0</spirit:logicalName>
      </spirit:file>
      <spirit:file>
        <spirit:name>../../../../ipshared/xilinx.com/proc_common_v4_0/e2794af0/hdl/src/vhdl/counter_bit.vhd</spirit:name>
        <spirit:fileType>vhdlSource</spirit:fileType>
        <spirit:logicalName>proc_common_v4_0</spirit:logicalName>
      </spirit:file>
      <spirit:file>
        <spirit:name>../../../../ipshared/xilinx.com/proc_common_v4_0/e2794af0/hdl/src/vhdl/counter.vhd</spirit:name>
        <spirit:fileType>vhdlSource</spirit:fileType>
        <spirit:logicalName>proc_common_v4_0</spirit:logicalName>
      </spirit:file>
      <spirit:file>
        <spirit:name>../../../../ipshared/xilinx.com/proc_common_v4_0/e2794af0/hdl/src/vhdl/direct_path_cntr.vhd</spirit:name>
        <spirit:fileType>vhdlSource</spirit:fileType>
        <spirit:logicalName>proc_common_v4_0</spirit:logicalName>
      </spirit:file>
      <spirit:file>
        <spirit:name>../../../../ipshared/xilinx.com/proc_common_v4_0/e2794af0/hdl/src/vhdl/direct_path_cntr_ai.vhd</spirit:name>
        <spirit:fileType>vhdlSource</spirit:fileType>
        <spirit:logicalName>proc_common_v4_0</spirit:logicalName>
      </spirit:file>
      <spirit:file>
        <spirit:name>../../../../ipshared/xilinx.com/proc_common_v4_0/e2794af0/hdl/src/vhdl/down_counter.vhd</spirit:name>
        <spirit:fileType>vhdlSource</spirit:fileType>
        <spirit:logicalName>proc_common_v4_0</spirit:logicalName>
      </spirit:file>
      <spirit:file>
        <spirit:name>../../../../ipshared/xilinx.com/proc_common_v4_0/e2794af0/hdl/src/vhdl/eval_timer.vhd</spirit:name>
        <spirit:fileType>vhdlSource</spirit:fileType>
        <spirit:logicalName>proc_common_v4_0</spirit:logicalName>
      </spirit:file>
      <spirit:file>
        <spirit:name>../../../../ipshared/xilinx.com/proc_common_v4_0/e2794af0/hdl/src/vhdl/inferred_lut4.vhd</spirit:name>
        <spirit:fileType>vhdlSource</spirit:fileType>
        <spirit:logicalName>proc_common_v4_0</spirit:logicalName>
      </spirit:file>
      <spirit:file>
        <spirit:name>../../../../ipshared/xilinx.com/proc_common_v4_0/e2794af0/hdl/src/vhdl/ipif_steer.vhd</spirit:name>
        <spirit:fileType>vhdlSource</spirit:fileType>
        <spirit:logicalName>proc_common_v4_0</spirit:logicalName>
      </spirit:file>
      <spirit:file>
        <spirit:name>../../../../ipshared/xilinx.com/proc_common_v4_0/e2794af0/hdl/src/vhdl/ipif_steer128.vhd</spirit:name>
        <spirit:fileType>vhdlSource</spirit:fileType>
        <spirit:logicalName>proc_common_v4_0</spirit:logicalName>
      </spirit:file>
      <spirit:file>
        <spirit:name>../../../../ipshared/xilinx.com/proc_common_v4_0/e2794af0/hdl/src/vhdl/ipif_mirror128.vhd</spirit:name>
        <spirit:fileType>vhdlSource</spirit:fileType>
        <spirit:logicalName>proc_common_v4_0</spirit:logicalName>
      </spirit:file>
      <spirit:file>
        <spirit:name>../../../../ipshared/xilinx.com/proc_common_v4_0/e2794af0/hdl/src/vhdl/ld_arith_reg.vhd</spirit:name>
        <spirit:fileType>vhdlSource</spirit:fileType>
        <spirit:logicalName>proc_common_v4_0</spirit:logicalName>
      </spirit:file>
      <spirit:file>
        <spirit:name>../../../../ipshared/xilinx.com/proc_common_v4_0/e2794af0/hdl/src/vhdl/ld_arith_reg2.vhd</spirit:name>
        <spirit:fileType>vhdlSource</spirit:fileType>
        <spirit:logicalName>proc_common_v4_0</spirit:logicalName>
      </spirit:file>
      <spirit:file>
        <spirit:name>../../../../ipshared/xilinx.com/proc_common_v4_0/e2794af0/hdl/src/vhdl/mux_onehot.vhd</spirit:name>
        <spirit:fileType>vhdlSource</spirit:fileType>
        <spirit:logicalName>proc_common_v4_0</spirit:logicalName>
      </spirit:file>
      <spirit:file>
        <spirit:name>../../../../ipshared/xilinx.com/proc_common_v4_0/e2794af0/hdl/src/vhdl/or_bits.vhd</spirit:name>
        <spirit:fileType>vhdlSource</spirit:fileType>
        <spirit:logicalName>proc_common_v4_0</spirit:logicalName>
      </spirit:file>
      <spirit:file>
        <spirit:name>../../../../ipshared/xilinx.com/proc_common_v4_0/e2794af0/hdl/src/vhdl/or_muxcy.vhd</spirit:name>
        <spirit:fileType>vhdlSource</spirit:fileType>
        <spirit:logicalName>proc_common_v4_0</spirit:logicalName>
      </spirit:file>
      <spirit:file>
        <spirit:name>../../../../ipshared/xilinx.com/proc_common_v4_0/e2794af0/hdl/src/vhdl/or_gate.vhd</spirit:name>
        <spirit:fileType>vhdlSource</spirit:fileType>
        <spirit:logicalName>proc_common_v4_0</spirit:logicalName>
      </spirit:file>
      <spirit:file>
        <spirit:name>../../../../ipshared/xilinx.com/proc_common_v4_0/e2794af0/hdl/src/vhdl/or_gate128.vhd</spirit:name>
        <spirit:fileType>vhdlSource</spirit:fileType>
        <spirit:logicalName>proc_common_v4_0</spirit:logicalName>
      </spirit:file>
      <spirit:file>
        <spirit:name>../../../../ipshared/xilinx.com/proc_common_v4_0/e2794af0/hdl/src/vhdl/pf_adder_bit.vhd</spirit:name>
        <spirit:fileType>vhdlSource</spirit:fileType>
        <spirit:logicalName>proc_common_v4_0</spirit:logicalName>
      </spirit:file>
      <spirit:file>
        <spirit:name>../../../../ipshared/xilinx.com/proc_common_v4_0/e2794af0/hdl/src/vhdl/pf_adder.vhd</spirit:name>
        <spirit:fileType>vhdlSource</spirit:fileType>
        <spirit:logicalName>proc_common_v4_0</spirit:logicalName>
      </spirit:file>
      <spirit:file>
        <spirit:name>../../../../ipshared/xilinx.com/proc_common_v4_0/e2794af0/hdl/src/vhdl/pf_counter_bit.vhd</spirit:name>
        <spirit:fileType>vhdlSource</spirit:fileType>
        <spirit:logicalName>proc_common_v4_0</spirit:logicalName>
      </spirit:file>
      <spirit:file>
        <spirit:name>../../../../ipshared/xilinx.com/proc_common_v4_0/e2794af0/hdl/src/vhdl/pf_counter.vhd</spirit:name>
        <spirit:fileType>vhdlSource</spirit:fileType>
        <spirit:logicalName>proc_common_v4_0</spirit:logicalName>
      </spirit:file>
      <spirit:file>
        <spirit:name>../../../../ipshared/xilinx.com/proc_common_v4_0/e2794af0/hdl/src/vhdl/pf_counter_top.vhd</spirit:name>
        <spirit:fileType>vhdlSource</spirit:fileType>
        <spirit:logicalName>proc_common_v4_0</spirit:logicalName>
      </spirit:file>
      <spirit:file>
        <spirit:name>../../../../ipshared/xilinx.com/proc_common_v4_0/e2794af0/hdl/src/vhdl/pf_occ_counter.vhd</spirit:name>
        <spirit:fileType>vhdlSource</spirit:fileType>
        <spirit:logicalName>proc_common_v4_0</spirit:logicalName>
      </spirit:file>
      <spirit:file>
        <spirit:name>../../../../ipshared/xilinx.com/proc_common_v4_0/e2794af0/hdl/src/vhdl/pf_occ_counter_top.vhd</spirit:name>
        <spirit:fileType>vhdlSource</spirit:fileType>
        <spirit:logicalName>proc_common_v4_0</spirit:logicalName>
      </spirit:file>
      <spirit:file>
        <spirit:name>../../../../ipshared/xilinx.com/proc_common_v4_0/e2794af0/hdl/src/vhdl/pf_dpram_select.vhd</spirit:name>
        <spirit:fileType>vhdlSource</spirit:fileType>
        <spirit:logicalName>proc_common_v4_0</spirit:logicalName>
      </spirit:file>
      <spirit:file>
        <spirit:name>../../../../ipshared/xilinx.com/proc_common_v4_0/e2794af0/hdl/src/vhdl/pselect.vhd</spirit:name>
        <spirit:fileType>vhdlSource</spirit:fileType>
        <spirit:logicalName>proc_common_v4_0</spirit:logicalName>
      </spirit:file>
      <spirit:file>
        <spirit:name>../../../../ipshared/xilinx.com/proc_common_v4_0/e2794af0/hdl/src/vhdl/pselect_mask.vhd</spirit:name>
        <spirit:fileType>vhdlSource</spirit:fileType>
        <spirit:logicalName>proc_common_v4_0</spirit:logicalName>
      </spirit:file>
      <spirit:file>
        <spirit:name>../../../../ipshared/xilinx.com/proc_common_v4_0/e2794af0/hdl/src/vhdl/srl16_fifo.vhd</spirit:name>
        <spirit:fileType>vhdlSource</spirit:fileType>
        <spirit:logicalName>proc_common_v4_0</spirit:logicalName>
      </spirit:file>
      <spirit:file>
        <spirit:name>../../../../ipshared/xilinx.com/proc_common_v4_0/e2794af0/hdl/src/vhdl/srl_fifo.vhd</spirit:name>
        <spirit:fileType>vhdlSource</spirit:fileType>
        <spirit:logicalName>proc_common_v4_0</spirit:logicalName>
      </spirit:file>
      <spirit:file>
        <spirit:name>../../../../ipshared/xilinx.com/proc_common_v4_0/e2794af0/hdl/src/vhdl/srl_fifo2.vhd</spirit:name>
        <spirit:fileType>vhdlSource</spirit:fileType>
        <spirit:logicalName>proc_common_v4_0</spirit:logicalName>
      </spirit:file>
      <spirit:file>
        <spirit:name>../../../../ipshared/xilinx.com/proc_common_v4_0/e2794af0/hdl/src/vhdl/srl_fifo3.vhd</spirit:name>
        <spirit:fileType>vhdlSource</spirit:fileType>
        <spirit:logicalName>proc_common_v4_0</spirit:logicalName>
      </spirit:file>
      <spirit:file>
        <spirit:name>../../../../ipshared/xilinx.com/proc_common_v4_0/e2794af0/hdl/src/vhdl/srl_fifo_rbu.vhd</spirit:name>
        <spirit:fileType>vhdlSource</spirit:fileType>
        <spirit:logicalName>proc_common_v4_0</spirit:logicalName>
      </spirit:file>
      <spirit:file>
        <spirit:name>../../../../ipshared/xilinx.com/proc_common_v4_0/e2794af0/hdl/src/vhdl/valid_be.vhd</spirit:name>
        <spirit:fileType>vhdlSource</spirit:fileType>
        <spirit:logicalName>proc_common_v4_0</spirit:logicalName>
      </spirit:file>
      <spirit:file>
        <spirit:name>../../../../ipshared/xilinx.com/proc_common_v4_0/e2794af0/hdl/src/vhdl/or_with_enable_f.vhd</spirit:name>
        <spirit:fileType>vhdlSource</spirit:fileType>
        <spirit:logicalName>proc_common_v4_0</spirit:logicalName>
      </spirit:file>
      <spirit:file>
        <spirit:name>../../../../ipshared/xilinx.com/proc_common_v4_0/e2794af0/hdl/src/vhdl/muxf_struct_f.vhd</spirit:name>
        <spirit:fileType>vhdlSource</spirit:fileType>
        <spirit:logicalName>proc_common_v4_0</spirit:logicalName>
      </spirit:file>
      <spirit:file>
        <spirit:name>../../../../ipshared/xilinx.com/proc_common_v4_0/e2794af0/hdl/src/vhdl/cntr_incr_decr_addn_f.vhd</spirit:name>
        <spirit:fileType>vhdlSource</spirit:fileType>
        <spirit:logicalName>proc_common_v4_0</spirit:logicalName>
      </spirit:file>
      <spirit:file>
        <spirit:name>../../../../ipshared/xilinx.com/proc_common_v4_0/e2794af0/hdl/src/vhdl/dynshreg_f.vhd</spirit:name>
        <spirit:fileType>vhdlSource</spirit:fileType>
        <spirit:logicalName>proc_common_v4_0</spirit:logicalName>
      </spirit:file>
      <spirit:file>
        <spirit:name>../../../../ipshared/xilinx.com/proc_common_v4_0/e2794af0/hdl/src/vhdl/dynshreg_i_f.vhd</spirit:name>
        <spirit:fileType>vhdlSource</spirit:fileType>
        <spirit:logicalName>proc_common_v4_0</spirit:logicalName>
      </spirit:file>
      <spirit:file>
        <spirit:name>../../../../ipshared/xilinx.com/proc_common_v4_0/e2794af0/hdl/src/vhdl/mux_onehot_f.vhd</spirit:name>
        <spirit:fileType>vhdlSource</spirit:fileType>
        <spirit:logicalName>proc_common_v4_0</spirit:logicalName>
      </spirit:file>
      <spirit:file>
        <spirit:name>../../../../ipshared/xilinx.com/proc_common_v4_0/e2794af0/hdl/src/vhdl/srl_fifo_rbu_f.vhd</spirit:name>
        <spirit:fileType>vhdlSource</spirit:fileType>
        <spirit:logicalName>proc_common_v4_0</spirit:logicalName>
      </spirit:file>
      <spirit:file>
        <spirit:name>../../../../ipshared/xilinx.com/proc_common_v4_0/e2794af0/hdl/src/vhdl/srl_fifo_f.vhd</spirit:name>
        <spirit:fileType>vhdlSource</spirit:fileType>
        <spirit:logicalName>proc_common_v4_0</spirit:logicalName>
      </spirit:file>
      <spirit:file>
        <spirit:name>../../../../ipshared/xilinx.com/proc_common_v4_0/e2794af0/hdl/src/vhdl/compare_vectors_f.vhd</spirit:name>
        <spirit:fileType>vhdlSource</spirit:fileType>
        <spirit:logicalName>proc_common_v4_0</spirit:logicalName>
      </spirit:file>
      <spirit:file>
        <spirit:name>../../../../ipshared/xilinx.com/proc_common_v4_0/e2794af0/hdl/src/vhdl/pselect_f.vhd</spirit:name>
        <spirit:fileType>vhdlSource</spirit:fileType>
        <spirit:logicalName>proc_common_v4_0</spirit:logicalName>
      </spirit:file>
      <spirit:file>
        <spirit:name>../../../../ipshared/xilinx.com/proc_common_v4_0/e2794af0/hdl/src/vhdl/counter_f.vhd</spirit:name>
        <spirit:fileType>vhdlSource</spirit:fileType>
        <spirit:logicalName>proc_common_v4_0</spirit:logicalName>
      </spirit:file>
      <spirit:file>
        <spirit:name>../../../../ipshared/xilinx.com/proc_common_v4_0/e2794af0/hdl/src/vhdl/or_muxcy_f.vhd</spirit:name>
        <spirit:fileType>vhdlSource</spirit:fileType>
        <spirit:logicalName>proc_common_v4_0</spirit:logicalName>
      </spirit:file>
      <spirit:file>
        <spirit:name>../../../../ipshared/xilinx.com/proc_common_v4_0/e2794af0/hdl/src/vhdl/or_gate_f.vhd</spirit:name>
        <spirit:fileType>vhdlSource</spirit:fileType>
        <spirit:logicalName>proc_common_v4_0</spirit:logicalName>
      </spirit:file>
      <spirit:file>
        <spirit:name>../../../../ipshared/xilinx.com/proc_common_v4_0/e2794af0/hdl/src/vhdl/soft_reset.vhd</spirit:name>
        <spirit:fileType>vhdlSource</spirit:fileType>
        <spirit:logicalName>proc_common_v4_0</spirit:logicalName>
      </spirit:file>
      <spirit:file>
        <spirit:name>../../../../ipshared/xilinx.com/proc_common_v4_0/e2794af0/hdl/src/vhdl/cdc_sync.vhd</spirit:name>
        <spirit:fileType>vhdlSource</spirit:fileType>
        <spirit:logicalName>proc_common_v4_0</spirit:logicalName>
      </spirit:file>
      <spirit:vendorExtensions>
        <xilinx:subCoreRef>
          <xilinx:componentRef xilinx:vendor="xilinx.com" xilinx:library="ip" xilinx:name="proc_common" xilinx:version="4.0" xilinx:isGenerated="true" xilinx:checksum="f363c821">
            <xilinx:mode xilinx:name="copy_mode"/>
          </xilinx:componentRef>
        </xilinx:subCoreRef>
      </spirit:vendorExtensions>
    </spirit:fileSet>
    <spirit:fileSet>
      <spirit:name>xilinx_vhdlsynthesis_xilinx_com_ip_axi_lite_ipif_2_0__ref_view_fileset</spirit:name>
      <spirit:file>
        <spirit:name>../../../../ipshared/xilinx.com/axi_lite_ipif_v2_0/82c7a66d/hdl/src/vhdl/address_decoder.vhd</spirit:name>
        <spirit:fileType>vhdlSource</spirit:fileType>
        <spirit:logicalName>axi_lite_ipif_v2_0</spirit:logicalName>
      </spirit:file>
      <spirit:file>
        <spirit:name>../../../../ipshared/xilinx.com/axi_lite_ipif_v2_0/82c7a66d/hdl/src/vhdl/slave_attachment.vhd</spirit:name>
        <spirit:fileType>vhdlSource</spirit:fileType>
        <spirit:logicalName>axi_lite_ipif_v2_0</spirit:logicalName>
      </spirit:file>
      <spirit:file>
        <spirit:name>../../../../ipshared/xilinx.com/axi_lite_ipif_v2_0/82c7a66d/hdl/src/vhdl/axi_lite_ipif.vhd</spirit:name>
        <spirit:fileType>vhdlSource</spirit:fileType>
        <spirit:logicalName>axi_lite_ipif_v2_0</spirit:logicalName>
      </spirit:file>
      <spirit:vendorExtensions>
        <xilinx:subCoreRef>
          <xilinx:componentRef xilinx:vendor="xilinx.com" xilinx:library="ip" xilinx:name="axi_lite_ipif" xilinx:version="2.0" xilinx:isGenerated="true">
            <xilinx:mode xilinx:name="copy_mode"/>
          </xilinx:componentRef>
        </xilinx:subCoreRef>
      </spirit:vendorExtensions>
    </spirit:fileSet>
    <spirit:fileSet>
      <spirit:name>xilinx_implementation_view_fileset</spirit:name>
      <spirit:file>
        <spirit:name>KC705_EXAMPLE_axi_uartlite_0_0_board.xdc</spirit:name>
        <spirit:userFileType>xdc</spirit:userFileType>
        <spirit:userFileType>USED_IN_synthesis</spirit:userFileType>
        <spirit:userFileType>USED_IN_implementation</spirit:userFileType>
        <spirit:userFileType>USED_IN_board</spirit:userFileType>
      </spirit:file>
    </spirit:fileSet>
    <spirit:fileSet>
      <spirit:name>xilinx_vhdlsynthesiswrapper_view_fileset</spirit:name>
      <spirit:file>
        <spirit:name>synth/KC705_EXAMPLE_axi_uartlite_0_0.vhd</spirit:name>
        <spirit:fileType>vhdlSource</spirit:fileType>
        <spirit:logicalName>xil_defaultlib</spirit:logicalName>
      </spirit:file>
    </spirit:fileSet>
  </spirit:fileSets>
  <spirit:description>Generic UART (Universal Asynchronous Receiver/Transmitter) for AXI Interface</spirit:description>
  <spirit:parameters>
    <spirit:parameter>
      <spirit:name>C_DATA_BITS</spirit:name>
      <spirit:displayName>Data Bits</spirit:displayName>
      <spirit:description>The number of data bits in the serial frame.</spirit:description>
      <spirit:value spirit:format="long" spirit:resolve="user" spirit:id="PARAM_VALUE.C_DATA_BITS" spirit:order="1400" spirit:minimum="5" spirit:maximum="8">8</spirit:value>
    </spirit:parameter>
    <spirit:parameter>
      <spirit:name>C_BAUDRATE</spirit:name>
      <spirit:displayName>Baudrate</spirit:displayName>
      <spirit:description>Baud rate of the AXI UART Lite in bits per second.</spirit:description>
      <spirit:value spirit:format="long" spirit:resolve="user" spirit:id="PARAM_VALUE.C_BAUDRATE" spirit:choiceRef="choices_0" spirit:order="1300">9600</spirit:value>
    </spirit:parameter>
    <spirit:parameter>
      <spirit:name>C_S_AXI_ACLK_FREQ_HZ</spirit:name>
      <spirit:displayName>AXI CLK Frequency</spirit:displayName>
      <spirit:description>AXI4-Lite clock frequency range should be in between 10 to 300MHz.</spirit:description>
      <spirit:value spirit:format="long" spirit:resolve="user" spirit:id="PARAM_VALUE.C_S_AXI_ACLK_FREQ_HZ" spirit:order="1201">100000000</spirit:value>
    </spirit:parameter>
    <spirit:parameter>
      <spirit:name>C_S_AXI_ACLK_FREQ_HZ_d</spirit:name>
      <spirit:displayName>AXI CLK Frequency</spirit:displayName>
      <spirit:description>AXI4-Lite clock frequency range should be in between 10 to 300MHz.</spirit:description>
      <spirit:value spirit:format="float" spirit:resolve="user" spirit:id="PARAM_VALUE.C_S_AXI_ACLK_FREQ_HZ_d" spirit:order="1200">100</spirit:value>
    </spirit:parameter>
    <spirit:parameter>
      <spirit:name>Component_Name</spirit:name>
      <spirit:value spirit:resolve="user" spirit:id="PARAM_VALUE.Component_Name" spirit:order="1">KC705_EXAMPLE_axi_uartlite_0_0</spirit:value>
    </spirit:parameter>
    <spirit:parameter>
      <spirit:name>PARITY</spirit:name>
      <spirit:displayName>Parity</spirit:displayName>
      <spirit:value spirit:resolve="user" spirit:id="PARAM_VALUE.PARITY" spirit:choiceRef="choices_1" spirit:order="1100">No_Parity</spirit:value>
    </spirit:parameter>
    <spirit:parameter>
      <spirit:name>C_USE_PARITY</spirit:name>
      <spirit:displayName>Use Parity</spirit:displayName>
      <spirit:value spirit:format="long" spirit:resolve="user" spirit:id="PARAM_VALUE.C_USE_PARITY" spirit:order="1101" spirit:minimum="0" spirit:maximum="1">0</spirit:value>
    </spirit:parameter>
    <spirit:parameter>
      <spirit:name>C_ODD_PARITY</spirit:name>
      <spirit:displayName>Odd Parity</spirit:displayName>
      <spirit:value spirit:format="long" spirit:resolve="user" spirit:id="PARAM_VALUE.C_ODD_PARITY" spirit:order="1102" spirit:minimum="0" spirit:maximum="1">0</spirit:value>
    </spirit:parameter>
    <spirit:parameter>
      <spirit:name>USE_BOARD_FLOW</spirit:name>
      <spirit:displayName>Generate Board based IO Constraints</spirit:displayName>
      <spirit:value spirit:format="bool" spirit:resolve="user" spirit:id="PARAM_VALUE.USE_BOARD_FLOW" spirit:order="1103">true</spirit:value>
    </spirit:parameter>
    <spirit:parameter>
      <spirit:name>UARTLITE_BOARD_INTERFACE</spirit:name>
      <spirit:value spirit:resolve="user" spirit:id="PARAM_VALUE.UARTLITE_BOARD_INTERFACE" spirit:choiceRef="choices_2" spirit:order="1104">rs232_uart</spirit:value>
    </spirit:parameter>
  </spirit:parameters>
  <spirit:vendorExtensions>
    <xilinx:coreExtensions>
      <xilinx:supportedFamilies>
        <xilinx:family xilinx:lifeCycle="Production">aartix7</xilinx:family>
        <xilinx:family xilinx:lifeCycle="Production">artix7</xilinx:family>
        <xilinx:family xilinx:lifeCycle="Production">artix7l</xilinx:family>
        <xilinx:family xilinx:lifeCycle="Production">azynq</xilinx:family>
        <xilinx:family xilinx:lifeCycle="Production">kintex7</xilinx:family>
        <xilinx:family xilinx:lifeCycle="Production">kintex7l</xilinx:family>
        <xilinx:family xilinx:lifeCycle="Pre-Production">kintexu</xilinx:family>
        <xilinx:family xilinx:lifeCycle="Production">qartix7</xilinx:family>
        <xilinx:family xilinx:lifeCycle="Production">qkintex7</xilinx:family>
        <xilinx:family xilinx:lifeCycle="Production">qkintex7l</xilinx:family>
        <xilinx:family xilinx:lifeCycle="Production">qvirtex7</xilinx:family>
        <xilinx:family xilinx:lifeCycle="Production">qzynq</xilinx:family>
        <xilinx:family xilinx:lifeCycle="Production">virtex7</xilinx:family>
        <xilinx:family xilinx:lifeCycle="Pre-Production">virtexu</xilinx:family>
        <xilinx:family xilinx:lifeCycle="Production">zynq</xilinx:family>
      </xilinx:supportedFamilies>
      <xilinx:taxonomies>
        <xilinx:taxonomy>/Embedded_Processing/AXI_Peripheral/Low_Speed_Peripheral</xilinx:taxonomy>
      </xilinx:taxonomies>
      <xilinx:displayName>AXI Uartlite</xilinx:displayName>
      <xilinx:vendorURL>http://www.xilinx.com</xilinx:vendorURL>
      <xilinx:coreRevision>5</xilinx:coreRevision>
      <xilinx:paymentRequired>false</xilinx:paymentRequired>
      <xilinx:upgrades>
        <xilinx:canUpgradeFrom>xilinx.com:ip:axi_uartlite:1.02.a</xilinx:canUpgradeFrom>
      </xilinx:upgrades>
      <xilinx:coreCreationDateTime>2014-05-30T15:08:58Z</xilinx:coreCreationDateTime>
    </xilinx:coreExtensions>
    <xilinx:packagingInfo>
      <xilinx:xilinxVersion>2014.2</xilinx:xilinxVersion>
      <xilinx:checksum xilinx:scope="busInterfaces" xilinx:value="5f143c41"/>
      <xilinx:checksum xilinx:scope="fileGroups" xilinx:value="2b6dc963"/>
      <xilinx:checksum xilinx:scope="ports" xilinx:value="eb31474a"/>
      <xilinx:checksum xilinx:scope="hdlParameters" xilinx:value="2876286f"/>
      <xilinx:checksum xilinx:scope="parameters" xilinx:value="bf818733"/>
    </xilinx:packagingInfo>
  </spirit:vendorExtensions>
</spirit:component>
