<?xml version="1.0"?>
<Project Version="1" Minor="0">
	<BUILD_NUMBER Name="925501"/>
	<FULL_BUILD Name="SW Build 925501 on Sun Jun  1 21:48:58 MDT 2014"/>
	<MODE Name="Post-Bitstream"/>
	<SYSTEMINFO BOARD="xilinx.com:kc705:part0:1.0" ARCH="kintex7" PACKAGE="ffg900" DEVICE="7k325t" SPEED="-2"/>
	<HIERARCHY Name="KC705_EXAMPLE_i"/>
	<File Type="HW_HANDOFF" Name="KC705_EXAMPLE.hwh" ModTime="1401792446"/>
	<File Type="BIT" Name="KC705_EXAMPLE_wrapper.bit" ModTime="1401794331"/>
	<File Type="BMM" Name="KC705_EXAMPLE_wrapper_bd.bmm" ModTime="1401794241"/>
</Project>

