<?xml version="1.0" encoding="UTF-8" ?>
<webTalkData  fileName='/proj/dsv_xhd/ckvs/2014.2/EXAMPLE_DESIGNS/SLV/dsv_kc705_example_bi/run/project_1.sdk/webtalk/usage_statistics_ext_sdk.xml'  majorVersion='1' minorVersion='0' timeStamp='Sun Jul 20 17:50:44 2014'>
<section name="__ROOT__" level="0" order="1" description="">
 <section name="software_version_and_target_device" level="1" order="1" description="">
  <keyValuePair key="beta" value="false" description="" />
  <keyValuePair key="build_version" value="2014.2" description="" />
  <keyValuePair key="date_generated" value="Sun Jul 20 17:50:38 2014" description="" />
  <keyValuePair key="os_platform" value="amd64" description="" />
  <keyValuePair key="product_version" value="SDK v2014.2" description="" />
  <keyValuePair key="project_id" value="2014.2_2" description="" />
  <keyValuePair key="project_iteration" value="2" description="" />
  <keyValuePair key="random_id" value="svrldkbdejf66l9o21eppv5u66" description="" />
  <keyValuePair key="registration_id" value="NA" description="" />
  <keyValuePair key="route_design" value="NA" description="" />
  <keyValuePair key="target_device" value="NA" description="" />
  <keyValuePair key="target_family" value="NA" description="" />
  <keyValuePair key="target_package" value="NA" description="" />
  <keyValuePair key="target_speed" value="NA" description="" />
  <keyValuePair key="tool_flow" value="SDK" description="" />
 </section>
 <section name="user_environment" level="1" order="2" description="">
  <keyValuePair key="cpu_name" value="Intel(R) Xeon(R) CPU E5-2680 v2 @ 2.80GHz" description="" />
  <keyValuePair key="cpu_speed" value="2800.116 MHz" description="" />
  <keyValuePair key="os_name" value="RedHatEnterpriseClient" description="" />
  <keyValuePair key="os_release" value="Red Hat Enterprise Linux Client release 5.9 (Tikanga)" description="" />
  <keyValuePair key="system_ram" value="270.000 GB" description="" />
  <keyValuePair key="total_processors" value="2" description="" />
 </section>
 <section name="sdk" level="1" order="3" description="">
  <section name="application/1405858232000" level="2" order="1" description="">
   <keyValuePair key="apptemplate" value="empty_application" description="" />
   <keyValuePair key="bspid" value="1405858229000" description="" />
   <keyValuePair key="hwid" value="1405856608000" description="" />
   <keyValuePair key="newbsp" value="true" description="" />
   <keyValuePair key="os" value="standalone" description="" />
   <keyValuePair key="uid" value="1405858232000" description="" />
  </section>
  <section name="bsp/1405858229000" level="2" order="2" description="">
   <keyValuePair key="apptemplate" value="empty_application" description="" />
   <keyValuePair key="hwid" value="1405856608000" description="" />
   <keyValuePair key="os" value="standalone" description="" />
   <keyValuePair key="uid" value="1405858229000" description="" />
  </section>
 </section>
 <section name="vivado_usage" level="1" order="4" description="">
 </section>
</section>
</webTalkData>
